dataset_name,protein,condition,replicate,source_file,source_folder,track_id,cell_id,video_id,n_frames,track_length,is_control,control_role,P_free_like,P_chromatin_bound_like,P_mcm_bound_like,supervised_control_prediction,distance_to_NLS_centroid,distance_to_H2B_centroid,distance_to_MCM2_Bound_centroid,nearest_control_class,nearest_control_distance,control_outlier_score,is_control_outlier,max_trap_dwell_frames,mean_trap_dwell_frames,trap_prob_mean,frac_supported_high_score_windows,max_consecutive_diffusive,frac_bound,frac_constrained,frac_diffusive,max_consecutive_constrained,max_consecutive_bound,n_state_switches,trapping_score,temporal_score,n_supported_high_score_windows,supported_temporal_trapping,diffusive_burst_flag,final_control_guided_class,classification_reason,_join_key,old_classification,old_trapping_score_mean,old_trapping_score_max,old_temporal_track_score,old_trapping_like,review_priority_score,inspection_reason
WT-0416-CT,TDP43,CT,416,condensate_evaluation_summary.csv,D:\Tianzi\condensate_classification_pj\TDP43\WT-0416-CT\CSV\SF_10ms_condensate_pj_,9,2.0,3,1,1,False,target,0.0478783575052112,0.4668463509204003,0.4852752915743884,mcm_bound_like,3.845115694015103,1.7931743662286168,1.2860544369689475,MCM2_Bound,1.2860544369689475,1.2860544369689475,False,119.0,119.0,0.9999839653240252,1.0,0.0,1.0,0.0,0.0,,,,,,,False,False,ambiguous,Insufficient or conflicting evidence for a specific control-guided class.,TDP43|WT-0416-CT|3|2|9,trapping_like,2.2745559738500822,3.1753159253803798,4.873571528116559,True,9.145241038318911,old trapping_like + current ambiguous + ranked by trapping/temporal/outlier features
WT-0416-CT,TDP43,CT,416,condensate_evaluation_summary.csv,D:\Tianzi\condensate_classification_pj\TDP43\WT-0416-CT\CSV\SF_10ms_condensate_pj_,167,1.0,4,1,1,False,target,0.0478783575052112,0.4668463509204003,0.4852752915743884,mcm_bound_like,3.845115694015103,1.7931743662286168,1.2860544369689475,MCM2_Bound,1.2860544369689475,1.2860544369689475,False,120.0,120.0,0.9999840451369408,0.7181818181818181,0.0,1.0,0.0,0.0,,,,,,,False,False,ambiguous,Insufficient or conflicting evidence for a specific control-guided class.,TDP43|WT-0416-CT|4|1|167,trapping_like,1.6090937475786682,2.6494828887271247,4.913344295295743,True,9.1168108776267,old trapping_like + current ambiguous + ranked by trapping/temporal/outlier features
WT-0416-CT,TDP43,CT,416,condensate_evaluation_summary.csv,D:\Tianzi\condensate_classification_pj\TDP43\WT-0416-CT\CSV\SF_10ms_condensate_pj_,94,5.0,7,1,1,False,target,0.0478783575052112,0.4668463509204003,0.4852752915743884,mcm_bound_like,3.845115694015103,1.7931743662286168,1.2860544369689475,MCM2_Bound,1.2860544369689475,1.2860544369689475,False,108.0,108.0,0.9999829898328392,0.7142857142857143,0.0,1.0,0.0,0.0,,,,,,,False,False,ambiguous,Insufficient or conflicting evidence for a specific control-guided class.,TDP43|WT-0416-CT|7|5|94,trapping_like,1.6761237898374448,3.13088308503016,4.436071040370965,True,9.108158220024723,old trapping_like + current ambiguous + ranked by trapping/temporal/outlier features
WT-0416-CT,TDP43,CT,416,condensate_evaluation_summary.csv,D:\Tianzi\condensate_classification_pj\TDP43\WT-0416-CT\CSV\SF_10ms_condensate_pj_,155,1.0,2,1,1,False,target,0.0478783575052112,0.4668463509204003,0.4852752915743884,mcm_bound_like,3.845115694015103,1.7931743662286168,1.2860544369689475,MCM2_Bound,1.2860544369689475,1.2860544369689475,False,59.0,59.0,0.999974225442844,0.8163265306122449,0.0,1.0,0.0,0.0,,,,,,,False,False,ambiguous,Insufficient or conflicting evidence for a specific control-guided class.,TDP43|WT-0416-CT|2|1|155,trapping_like,2.2954802979807507,3.010538109854053,2.4872030218123307,True,9.052533992583436,old trapping_like + current ambiguous + ranked by trapping/temporal/outlier features
WT-0416-CT,TDP43,CT,416,condensate_evaluation_summary.csv,D:\Tianzi\condensate_classification_pj\TDP43\WT-0416-CT\CSV\SF_10ms_condensate_pj_,47,2.0,1,1,1,False,target,0.0478783575052112,0.4668463509204003,0.4852752915743884,mcm_bound_like,3.845115694015103,1.7931743662286168,1.2860544369689475,MCM2_Bound,1.2860544369689475,1.2860544369689475,False,66.0,66.0,0.9999762742612844,0.75,0.0,1.0,0.0,0.0,,,,,,,False,False,ambiguous,Insufficient or conflicting evidence for a specific control-guided class.,TDP43|WT-0416-CT|1|2|47,trapping_like,1.6807980135584142,2.5761698481825097,2.765613137130642,True,9.04264524103832,old trapping_like + current ambiguous + ranked by trapping/temporal/outlier features
WT-0416-CT,TDP43,CT,416,condensate_evaluation_summary.csv,D:\Tianzi\condensate_classification_pj\TDP43\WT-0416-CT\CSV\SF_10ms_condensate_pj_,121,4.0,3,1,1,False,target,0.0478783575052112,0.4668463509204003,0.4852752915743884,mcm_bound_like,3.845115694015103,1.7931743662286168,1.2860544369689475,MCM2_Bound,1.2860544369689475,1.2860544369689475,False,80.0,80.0,0.999979296268484,0.4857142857142857,0.0,1.0,0.0,0.0,,,,,,,False,False,ambiguous,Insufficient or conflicting evidence for a specific control-guided class.,TDP43|WT-0416-CT|3|4|121,trapping_like,1.3001167267152995,2.84987211376622,3.3224328299524237,True,9.035228677379482,old trapping_like + current ambiguous + ranked by trapping/temporal/outlier features
WT-0416-CT,TDP43,CT,416,condensate_evaluation_summary.csv,D:\Tianzi\condensate_classification_pj\TDP43\WT-0416-CT\CSV\SF_10ms_condensate_pj_,46,4.0,8,1,1,False,target,0.0478783575052112,0.4668463509204003,0.4852752915743884,mcm_bound_like,3.845115694015103,1.7931743662286168,1.2860544369689475,MCM2_Bound,1.2860544369689475,1.2860544369689475,False,59.0,59.0,0.999974225442844,0.7142857142857143,0.0,1.0,0.0,0.0,,,,,,,False,False,ambiguous,Insufficient or conflicting evidence for a specific control-guided class.,TDP43|WT-0416-CT|8|4|46,trapping_like,1.5396220717644524,2.393109518489635,2.4872030218123307,True,9.008034610630409,old trapping_like + current ambiguous + ranked by trapping/temporal/outlier features
WT-0416-CT,TDP43,CT,416,condensate_evaluation_summary.csv,D:\Tianzi\condensate_classification_pj\TDP43\WT-0416-CT\CSV\SF_10ms_condensate_pj_,93,1.0,3,1,1,False,target,0.0478783575052112,0.4668463509204003,0.4852752915743884,mcm_bound_like,3.845115694015103,1.7931743662286168,1.2860544369689475,MCM2_Bound,1.2860544369689475,1.2860544369689475,False,48.0,48.0,0.9999697985315704,1.0,0.0,1.0,0.0,0.0,,,,,,,False,False,ambiguous,Insufficient or conflicting evidence for a specific control-guided class.,TDP43|WT-0416-CT|3|1|93,trapping_like,1.9639120965322705,2.464723329902769,2.049700808356694,True,9.00432632880099,old trapping_like + current ambiguous + ranked by trapping/temporal/outlier features
WT-0416-CT,TDP43,CT,416,condensate_evaluation_summary.csv,D:\Tianzi\condensate_classification_pj\TDP43\WT-0416-CT\CSV\SF_10ms_condensate_pj_,35,3.0,5,1,1,False,target,0.0478783575052112,0.4668463509204003,0.4852752915743884,mcm_bound_like,3.845115694015103,1.7931743662286168,1.2860544369689475,MCM2_Bound,1.2860544369689475,1.2860544369689475,False,47.0,47.0,0.9999692933327986,0.945945945945946,0.0,1.0,0.0,0.0,,,,,,,False,False,ambiguous,Insufficient or conflicting evidence for a specific control-guided class.,TDP43|WT-0416-CT|5|3|35,trapping_like,2.271633532598687,2.78474090932899,2.0099278284845807,True,9.004326328800987,old trapping_like + current ambiguous + ranked by trapping/temporal/outlier features
WT-0416-CT,TDP43,CT,416,condensate_evaluation_summary.csv,D:\Tianzi\condensate_classification_pj\TDP43\WT-0416-CT\CSV\SF_10ms_condensate_pj_,81,5.0,4,1,1,False,target,0.0478783575052112,0.4668463509204003,0.4852752915743884,mcm_bound_like,3.845115694015103,1.7931743662286168,1.2860544369689475,MCM2_Bound,1.2860544369689475,1.2860544369689475,False,77.0,77.0,0.9999787412059368,0.2686567164179104,0.0,1.0,0.0,0.0,,,,,,,False,False,ambiguous,Insufficient or conflicting evidence for a specific control-guided class.,TDP43|WT-0416-CT|4|5|81,trapping_like,0.9855944297324938,2.1296780935367887,3.203114370602968,True,8.995673671199011,old trapping_like + current ambiguous + ranked by trapping/temporal/outlier features
WT-0416-CT,TDP43,CT,416,condensate_evaluation_summary.csv,D:\Tianzi\condensate_classification_pj\TDP43\WT-0416-CT\CSV\SF_10ms_condensate_pj_,14,5.0,4,1,1,False,target,0.0478783575052112,0.4668463509204003,0.4852752915743884,mcm_bound_like,3.845115694015103,1.7931743662286168,1.2860544369689475,MCM2_Bound,1.2860544369689475,1.2860544369689475,False,43.0,43.0,0.9999670375615376,0.8484848484848485,0.0,1.0,0.0,0.0,,,,,,,False,False,ambiguous,Insufficient or conflicting evidence for a specific control-guided class.,TDP43|WT-0416-CT|4|5|14,trapping_like,2.4379523713843274,3.569685541058939,1.8508357915080416,True,8.994437577255871,old trapping_like + current ambiguous + ranked by trapping/temporal/outlier features
WT-0416-CT,TDP43,CT,416,condensate_evaluation_summary.csv,D:\Tianzi\condensate_classification_pj\TDP43\WT-0416-CT\CSV\SF_10ms_condensate_pj_,92,1.0,7,1,1,False,target,0.0478783575052112,0.4668463509204003,0.4852752915743884,mcm_bound_like,3.845115694015103,1.7931743662286168,1.2860544369689475,MCM2_Bound,1.2860544369689475,1.2860544369689475,False,41.0,41.0,0.9999657446194732,1.0,0.0,1.0,0.0,0.0,,,,,,,False,False,ambiguous,Insufficient or conflicting evidence for a specific control-guided class.,TDP43|WT-0416-CT|7|1|92,trapping_like,2.302545097886676,2.7442098010147773,1.7712896904915545,True,8.978368355995055,old trapping_like + current ambiguous + ranked by trapping/temporal/outlier features
WT-0416-CT,TDP43,CT,416,condensate_evaluation_summary.csv,D:\Tianzi\condensate_classification_pj\TDP43\WT-0416-CT\CSV\SF_10ms_condensate_pj_,37,3.0,1,1,1,False,target,0.0478783575052112,0.4668463509204003,0.4852752915743884,mcm_bound_like,3.845115694015103,1.7931743662286168,1.2860544369689475,MCM2_Bound,1.2860544369689475,1.2860544369689475,False,45.0,45.0,0.9999682155754184,1.0,0.0,1.0,0.0,0.0,,,,,,,False,False,ambiguous,Insufficient or conflicting evidence for a specific control-guided class.,TDP43|WT-0416-CT|1|3|37,trapping_like,1.9610940343322492,2.416192506209247,1.9303818350604365,True,8.978368355995055,old trapping_like + current ambiguous + ranked by trapping/temporal/outlier features
WT-0416-CT,TDP43,CT,416,condensate_evaluation_summary.csv,D:\Tianzi\condensate_classification_pj\TDP43\WT-0416-CT\CSV\SF_10ms_condensate_pj_,76,2.0,7,1,1,False,target,0.0478783575052112,0.4668463509204003,0.4852752915743884,mcm_bound_like,3.845115694015103,1.7931743662286168,1.2860544369689475,MCM2_Bound,1.2860544369689475,1.2860544369689475,False,43.0,43.0,0.9999670375615376,0.9696969696969696,0.0,1.0,0.0,0.0,,,,,,,False,False,ambiguous,Insufficient or conflicting evidence for a specific control-guided class.,TDP43|WT-0416-CT|7|2|76,trapping_like,2.133302765543469,3.0835818942389377,1.8508357915080416,True,8.975896168108775,old trapping_like + current ambiguous + ranked by trapping/temporal/outlier features
WT-0416-CT,TDP43,CT,416,condensate_evaluation_summary.csv,D:\Tianzi\condensate_classification_pj\TDP43\WT-0416-CT\CSV\SF_10ms_condensate_pj_,175,3.0,8,1,1,False,target,0.0478783575052112,0.4668463509204003,0.4852752915743884,mcm_bound_like,3.845115694015103,1.7931743662286168,1.2860544369689475,MCM2_Bound,1.2860544369689475,1.2860544369689475,False,47.0,47.0,0.9999692933327986,0.7297297297297297,0.0,1.0,0.0,0.0,,,,,,,False,False,ambiguous,Insufficient or conflicting evidence for a specific control-guided class.,TDP43|WT-0416-CT|8|3|175,trapping_like,1.6375500059605523,2.3364564068857825,2.0099278284845807,True,8.973423980222496,old trapping_like + current ambiguous + ranked by trapping/temporal/outlier features
WT-0416-CT,TDP43,CT,416,condensate_evaluation_summary.csv,D:\Tianzi\condensate_classification_pj\TDP43\WT-0416-CT\CSV\SF_10ms_condensate_pj_,103,4.0,8,1,1,False,target,0.0478783575052112,0.4668463509204003,0.4852752915743884,mcm_bound_like,3.845115694015103,1.7931743662286168,1.2860544369689475,MCM2_Bound,1.2860544369689475,1.2860544369689475,False,59.0,59.0,0.999974225442844,0.2040816326530612,0.0,1.0,0.0,0.0,,,,,,,False,False,ambiguous,Insufficient or conflicting evidence for a specific control-guided class.,TDP43|WT-0416-CT|8|4|103,trapping_like,1.0601096386140652,2.6060619504024283,2.4872030218123307,True,8.96847960444994,old trapping_like + current ambiguous + ranked by trapping/temporal/outlier features
WT-0416-CT,TDP43,CT,416,condensate_evaluation_summary.csv,D:\Tianzi\condensate_classification_pj\TDP43\WT-0416-CT\CSV\SF_10ms_condensate_pj_,150,1.0,7,1,1,False,target,0.0478783575052112,0.4668463509204003,0.4852752915743884,mcm_bound_like,3.845115694015103,1.7931743662286168,1.2860544369689475,MCM2_Bound,1.2860544369689475,1.2860544369689475,False,37.0,37.0,0.9999627394027836,1.0,0.0,1.0,0.0,0.0,,,,,,,False,False,ambiguous,Insufficient or conflicting evidence for a specific control-guided class.,TDP43|WT-0416-CT|7|1|150,trapping_like,2.575320636218268,3.145849698122123,1.612197278792301,True,8.957972805933252,old trapping_like + current ambiguous + ranked by trapping/temporal/outlier features
WT-0416-CT,TDP43,CT,416,condensate_evaluation_summary.csv,D:\Tianzi\condensate_classification_pj\TDP43\WT-0416-CT\CSV\SF_10ms_condensate_pj_,81,3.0,3,1,1,False,target,0.0478783575052112,0.4668463509204003,0.4852752915743884,mcm_bound_like,3.845115694015103,1.7931743662286168,1.2860544369689475,MCM2_Bound,1.2860544369689475,1.2860544369689475,False,39.0,39.0,0.9999643190679668,0.8620689655172413,0.0,1.0,0.0,0.0,,,,,,,False,False,ambiguous,Insufficient or conflicting evidence for a specific control-guided class.,TDP43|WT-0416-CT|3|3|81,trapping_like,1.67537012436182,2.828895521693069,1.691743523170347,True,8.932632880098888,old trapping_like + current ambiguous + ranked by trapping/temporal/outlier features
WT-0416-CT,TDP43,CT,416,condensate_evaluation_summary.csv,D:\Tianzi\condensate_classification_pj\TDP43\WT-0416-CT\CSV\SF_10ms_condensate_pj_,192,4.0,7,1,1,False,target,0.0478783575052112,0.4668463509204003,0.4852752915743884,mcm_bound_like,3.845115694015103,1.7931743662286168,1.2860544369689475,MCM2_Bound,1.2860544369689475,1.2860544369689475,False,37.0,37.0,0.9999627394027836,0.925925925925926,0.0,1.0,0.0,0.0,,,,,,,False,False,ambiguous,Insufficient or conflicting evidence for a specific control-guided class.,TDP43|WT-0416-CT|7|4|192,trapping_like,2.010245185939004,2.541353452177121,1.612197278792301,True,8.932014833127319,old trapping_like + current ambiguous + ranked by trapping/temporal/outlier features
WT-0416-CT,TDP43,CT,416,condensate_evaluation_summary.csv,D:\Tianzi\condensate_classification_pj\TDP43\WT-0416-CT\CSV\SF_10ms_condensate_pj_,14,5.0,5,1,1,False,target,0.0478783575052112,0.4668463509204003,0.4852752915743884,mcm_bound_like,3.845115694015103,1.7931743662286168,1.2860544369689475,MCM2_Bound,1.2860544369689475,1.2860544369689475,False,43.0,43.0,0.9999670375615376,0.4242424242424242,0.0,1.0,0.0,0.0,,,,,,,False,False,ambiguous,Insufficient or conflicting evidence for a specific control-guided class.,TDP43|WT-0416-CT|5|5|14,trapping_like,1.3130765321849418,2.818151504361589,1.8508357915080416,True,8.923980222496908,old trapping_like + current ambiguous + ranked by trapping/temporal/outlier features
WT-0416-CT,TDP43,CT,416,condensate_evaluation_summary.csv,D:\Tianzi\condensate_classification_pj\TDP43\WT-0416-CT\CSV\SF_10ms_condensate_pj_,142,1.0,4,1,1,False,target,0.0478783575052112,0.4668463509204003,0.4852752915743884,mcm_bound_like,3.845115694015103,1.7931743662286168,1.2860544369689475,MCM2_Bound,1.2860544369689475,1.2860544369689475,False,38.0,38.0,0.9999635500204436,0.7142857142857143,0.0,1.0,0.0,0.0,,,,,,,False,False,ambiguous,Insufficient or conflicting evidence for a specific control-guided class.,TDP43|WT-0416-CT|4|1|142,trapping_like,1.5659711837122396,2.646254934380009,1.651970411373858,True,8.917181705809641,old trapping_like + current ambiguous + ranked by trapping/temporal/outlier features
WT-0416-CT,TDP43,CT,416,condensate_evaluation_summary.csv,D:\Tianzi\condensate_classification_pj\TDP43\WT-0416-CT\CSV\SF_10ms_condensate_pj_,51,3.0,2,1,1,False,target,0.0478783575052112,0.4668463509204003,0.4852752915743884,mcm_bound_like,3.845115694015103,1.7931743662286168,1.2860544369689475,MCM2_Bound,1.2860544369689475,1.2860544369689475,False,34.0,34.0,0.9999600214494536,1.0,0.0,1.0,0.0,0.0,,,,,,,False,False,ambiguous,Insufficient or conflicting evidence for a specific control-guided class.,TDP43|WT-0416-CT|2|3|51,trapping_like,2.1887990206355457,2.9189878332129564,1.4928777379974545,True,8.904820766378245,old trapping_like + current ambiguous + ranked by trapping/temporal/outlier features
WT-0416-CT,TDP43,CT,416,condensate_evaluation_summary.csv,D:\Tianzi\condensate_classification_pj\TDP43\WT-0416-CT\CSV\SF_10ms_condensate_pj_,107,2.0,2,1,1,False,target,0.0478783575052112,0.4668463509204003,0.4852752915743884,mcm_bound_like,3.845115694015103,1.7931743662286168,1.2860544369689475,MCM2_Bound,1.2860544369689475,1.2860544369689475,False,48.0,48.0,0.9999697985315704,0.2631578947368421,0.0,1.0,0.0,0.0,,,,,,,False,False,ambiguous,Insufficient or conflicting evidence for a specific control-guided class.,TDP43|WT-0416-CT|2|2|107,trapping_like,0.6540303580827715,1.8699327219537476,2.049700808356694,True,8.89184177997528,old trapping_like + current ambiguous + ranked by trapping/temporal/outlier features
WT-0416-CT,TDP43,CT,416,condensate_evaluation_summary.csv,D:\Tianzi\condensate_classification_pj\TDP43\WT-0416-CT\CSV\SF_10ms_condensate_pj_,28,5.0,6,1,1,False,target,0.0478783575052112,0.4668463509204003,0.4852752915743884,mcm_bound_like,3.845115694015103,1.7931743662286168,1.2860544369689475,MCM2_Bound,1.2860544369689475,1.2860544369689475,False,34.0,34.0,0.9999600214494536,0.7916666666666666,0.0,1.0,0.0,0.0,,,,,,,False,False,ambiguous,Insufficient or conflicting evidence for a specific control-guided class.,TDP43|WT-0416-CT|6|5|28,trapping_like,1.6946756541009886,2.3514218853919204,1.4928777379974545,True,8.88380716934487,old trapping_like + current ambiguous + ranked by trapping/temporal/outlier features
WT-0416-CT,TDP43,CT,416,condensate_evaluation_summary.csv,D:\Tianzi\condensate_classification_pj\TDP43\WT-0416-CT\CSV\SF_10ms_condensate_pj_,96,3.0,2,1,1,False,target,0.0478783575052112,0.4668463509204003,0.4852752915743884,mcm_bound_like,3.845115694015103,1.7931743662286168,1.2860544369689475,MCM2_Bound,1.2860544369689475,1.2860544369689475,False,29.0,29.0,0.9999542418935228,1.0,0.0,1.0,0.0,0.0,,,,,,,False,False,ambiguous,Insufficient or conflicting evidence for a specific control-guided class.,TDP43|WT-0416-CT|2|3|96,trapping_like,2.5350612836664133,3.1393577186291,1.2940112118558522,True,8.873300370828183,old trapping_like + current ambiguous + ranked by trapping/temporal/outlier features
WT-0416-CT,TDP43,CT,416,condensate_evaluation_summary.csv,D:\Tianzi\condensate_classification_pj\TDP43\WT-0416-CT\CSV\SF_10ms_condensate_pj_,1,5.0,6,1,1,False,target,0.0478783575052112,0.4668463509204003,0.4852752915743884,mcm_bound_like,3.845115694015103,1.7931743662286168,1.2860544369689475,MCM2_Bound,1.2860544369689475,1.2860544369689475,False,30.0,30.0,0.9999555519262004,1.0,0.0,1.0,0.0,0.0,,,,,,,False,False,ambiguous,Insufficient or conflicting evidence for a specific control-guided class.,TDP43|WT-0416-CT|6|5|1,trapping_like,2.2312863215705177,2.7205358492141505,1.3337845941449182,True,8.868355995055623,old trapping_like + current ambiguous + ranked by trapping/temporal/outlier features
WT-0416-CT,TDP43,CT,416,condensate_evaluation_summary.csv,D:\Tianzi\condensate_classification_pj\TDP43\WT-0416-CT\CSV\SF_10ms_condensate_pj_,111,3.0,3,1,1,False,target,0.0478783575052112,0.4668463509204003,0.4852752915743884,mcm_bound_like,3.845115694015103,1.7931743662286168,1.2860544369689475,MCM2_Bound,1.2860544369689475,1.2860544369689475,False,36.0,36.0,0.9999618837508094,0.5,0.0,1.0,0.0,0.0,,,,,,,False,False,ambiguous,Insufficient or conflicting evidence for a specific control-guided class.,TDP43|WT-0416-CT|3|3|111,trapping_like,1.1455244360463182,2.2774090010552954,1.5724241236935868,True,8.853522867737947,old trapping_like + current ambiguous + ranked by trapping/temporal/outlier features
WT-0416-CT,TDP43,CT,416,condensate_evaluation_summary.csv,D:\Tianzi\condensate_classification_pj\TDP43\WT-0416-CT\CSV\SF_10ms_condensate_pj_,168,4.0,3,1,1,False,target,0.0478783575052112,0.4668463509204003,0.4852752915743884,mcm_bound_like,3.845115694015103,1.7931743662286168,1.2860544369689475,MCM2_Bound,1.2860544369689475,1.2860544369689475,False,26.0,26.0,0.9999497071650232,0.875,0.0,1.0,0.0,0.0,,,,,,,False,False,ambiguous,Insufficient or conflicting evidence for a specific control-guided class.,TDP43|WT-0416-CT|3|4|168,trapping_like,1.9816194291211888,2.711513566437635,1.1746907626734209,True,8.820766378244747,old trapping_like + current ambiguous + ranked by trapping/temporal/outlier features
WT-0416-CT,TDP43,CT,416,condensate_evaluation_summary.csv,D:\Tianzi\condensate_classification_pj\TDP43\WT-0416-CT\CSV\SF_10ms_condensate_pj_,25,6.0,2,1,1,False,target,0.0478783575052112,0.4668463509204003,0.4852752915743884,mcm_bound_like,3.845115694015103,1.7931743662286168,1.2860544369689475,MCM2_Bound,1.2860544369689475,1.2860544369689475,False,37.0,37.0,0.9999627394027836,0.1111111111111111,0.0,1.0,0.0,0.0,,,,,,,False,False,ambiguous,Insufficient or conflicting evidence for a specific control-guided class.,TDP43|WT-0416-CT|2|6|25,trapping_like,0.6625820454145261,1.6809415625426938,1.612197278792301,True,8.819530284301607,old trapping_like + current ambiguous + ranked by trapping/temporal/outlier features
WT-0416-CT,TDP43,CT,416,condensate_evaluation_summary.csv,D:\Tianzi\condensate_classification_pj\TDP43\WT-0416-CT\CSV\SF_10ms_condensate_pj_,32,5.0,2,1,1,False,target,0.0478783575052112,0.4668463509204003,0.4852752915743884,mcm_bound_like,3.845115694015103,1.7931743662286168,1.2860544369689475,MCM2_Bound,1.2860544369689475,1.2860544369689475,False,30.0,30.0,0.9999555519262004,0.4,0.0,1.0,0.0,0.0,,,,,,,False,False,ambiguous,Insufficient or conflicting evidence for a specific control-guided class.,TDP43|WT-0416-CT|2|5|32,trapping_like,1.4212420193725026,2.4246061548034303,1.3337845941449182,True,8.818912237330036,old trapping_like + current ambiguous + ranked by trapping/temporal/outlier features
WT-0416-CT,TDP43,CT,416,condensate_evaluation_summary.csv,D:\Tianzi\condensate_classification_pj\TDP43\WT-0416-CT\CSV\SF_10ms_condensate_pj_,33,1.0,7,1,1,False,target,0.0478783575052112,0.4668463509204003,0.4852752915743884,mcm_bound_like,3.845115694015103,1.7931743662286168,1.2860544369689475,MCM2_Bound,1.2860544369689475,1.2860544369689475,False,36.0,36.0,0.9999618837508094,0.4230769230769231,0.0,1.0,0.0,0.0,,,,,,,False,False,ambiguous,Insufficient or conflicting evidence for a specific control-guided class.,TDP43|WT-0416-CT|7|1|33,trapping_like,0.904992822221012,1.9620699863147284,1.5724241236935868,True,8.817676143386898,old trapping_like + current ambiguous + ranked by trapping/temporal/outlier features
WT-0416-CT,TDP43,CT,416,condensate_evaluation_summary.csv,D:\Tianzi\condensate_classification_pj\TDP43\WT-0416-CT\CSV\SF_10ms_condensate_pj_,61,1.0,4,1,1,False,target,0.0478783575052112,0.4668463509204003,0.4852752915743884,mcm_bound_like,3.845115694015103,1.7931743662286168,1.2860544369689475,MCM2_Bound,1.2860544369689475,1.2860544369689475,False,25.0,25.0,0.9999479537366696,1.0,0.0,1.0,0.0,0.0,,,,,,,False,False,ambiguous,Insufficient or conflicting evidence for a specific control-guided class.,TDP43|WT-0416-CT|4|1|61,trapping_like,2.259552190715029,2.6488775001004927,1.1349171586865163,True,8.815203955500618,old trapping_like + current ambiguous + ranked by trapping/temporal/outlier features
WT-0416-CT,TDP43,CT,416,condensate_evaluation_summary.csv,D:\Tianzi\condensate_classification_pj\TDP43\WT-0416-CT\CSV\SF_10ms_condensate_pj_,2,2.0,3,1,1,False,target,0.0478783575052112,0.4668463509204003,0.4852752915743884,mcm_bound_like,3.845115694015103,1.7931743662286168,1.2860544369689475,MCM2_Bound,1.2860544369689475,1.2860544369689475,False,33.0,33.0,0.9999590056487144,0.2608695652173913,0.0,1.0,0.0,0.0,,,,,,,False,False,ambiguous,Insufficient or conflicting evidence for a specific control-guided class.,TDP43|WT-0416-CT|3|2|2,trapping_like,1.0429433863528452,2.456488118938777,1.4531045028243572,True,8.8114956736712,old trapping_like + current ambiguous + ranked by trapping/temporal/outlier features
HAP1-0426-CT,NONO,CT,426,condensate_evaluation_summary.csv,D:\Tianzi\condensate_classification_pj\NONO\HAP1-0426-CT\CSV\SF_10ms_condensate_pj_,89,5.0,1,1,1,False,target,0.4318637326364408,0.5681362673635594,0.0,chromatin_bound_like,3.5627904405670265,1.29081670081925,1.4052023804571572,H2B,1.29081670081925,1.29081670081925,False,33.0,33.0,0.9988624140544942,0.391304347826087,0.0,0.8484848484848485,0.1515151515151515,0.0,,,,,,,False,False,ambiguous,Insufficient or conflicting evidence for a specific control-guided class.,NONO|HAP1-0426-CT|1|5|89,trapping_like,1.219932164843254,1.948736632057117,1.444743707027247,True,8.80902348578492,old trapping_like + current ambiguous + ranked by trapping/temporal/outlier features
WT-0416-CT,TDP43,CT,416,condensate_evaluation_summary.csv,D:\Tianzi\condensate_classification_pj\TDP43\WT-0416-CT\CSV\SF_10ms_condensate_pj_,38,4.0,8,1,1,False,target,0.0478783575052112,0.4668463509204003,0.4852752915743884,mcm_bound_like,3.845115694015103,1.7931743662286168,1.2860544369689475,MCM2_Bound,1.2860544369689475,1.2860544369689475,False,26.0,26.0,0.9999497071650232,0.5625,0.0,1.0,0.0,0.0,,,,,,,False,False,ambiguous,Insufficient or conflicting evidence for a specific control-guided class.,TDP43|WT-0416-CT|8|4|38,trapping_like,1.749518823043935,2.596086495543584,1.1746907626734209,True,8.80716934487021,old trapping_like + current ambiguous + ranked by trapping/temporal/outlier features
WT-0416-CT,TDP43,CT,416,condensate_evaluation_summary.csv,D:\Tianzi\condensate_classification_pj\TDP43\WT-0416-CT\CSV\SF_10ms_condensate_pj_,15,6.0,2,1,1,False,target,0.0478783575052112,0.4668463509204003,0.4852752915743884,mcm_bound_like,3.845115694015103,1.7931743662286168,1.2860544369689475,MCM2_Bound,1.2860544369689475,1.2860544369689475,False,24.0,24.0,0.999946054189287,1.0,0.0,1.0,0.0,0.0,,,,,,,False,False,ambiguous,Insufficient or conflicting evidence for a specific control-guided class.,TDP43|WT-0416-CT|2|6|15,trapping_like,2.255759315247833,2.888081157016939,1.0951434816400978,True,8.800988875154511,old trapping_like + current ambiguous + ranked by trapping/temporal/outlier features
WT-0416-CT,TDP43,CT,416,condensate_evaluation_summary.csv,D:\Tianzi\condensate_classification_pj\TDP43\WT-0416-CT\CSV\SF_10ms_condensate_pj_,83,3.0,7,1,1,False,target,0.0478783575052112,0.4668463509204003,0.4852752915743884,mcm_bound_like,3.845115694015103,1.7931743662286168,1.2860544369689475,MCM2_Bound,1.2860544369689475,1.2860544369689475,False,36.0,36.0,0.9999618837508094,0.2307692307692307,0.0,1.0,0.0,0.0,,,,,,,False,False,ambiguous,Insufficient or conflicting evidence for a specific control-guided class.,TDP43|WT-0416-CT|7|3|83,trapping_like,0.5980850829015947,2.1427238719488853,1.5724241236935868,True,8.794190358467244,old trapping_like + current ambiguous + ranked by trapping/temporal/outlier features
WT-0416-CT,TDP43,CT,416,condensate_evaluation_summary.csv,D:\Tianzi\condensate_classification_pj\TDP43\WT-0416-CT\CSV\SF_10ms_condensate_pj_,116,3.0,2,1,1,False,target,0.0478783575052112,0.4668463509204003,0.4852752915743884,mcm_bound_like,3.845115694015103,1.7931743662286168,1.2860544369689475,MCM2_Bound,1.2860544369689475,1.2860544369689475,False,30.0,30.0,0.9999555519262004,0.2,0.0,1.0,0.0,0.0,,,,,,,False,False,ambiguous,Insufficient or conflicting evidence for a specific control-guided class.,TDP43|WT-0416-CT|2|3|116,trapping_like,0.8455715530023538,1.7267377062405678,1.3337845941449182,True,8.76452410383189,old trapping_like + current ambiguous + ranked by trapping/temporal/outlier features
WT-0416-CT,TDP43,CT,416,condensate_evaluation_summary.csv,D:\Tianzi\condensate_classification_pj\TDP43\WT-0416-CT\CSV\SF_10ms_condensate_pj_,116,2.0,4,1,1,False,target,0.0478783575052112,0.4668463509204003,0.4852752915743884,mcm_bound_like,3.845115694015103,1.7931743662286168,1.2860544369689475,MCM2_Bound,1.2860544369689475,1.2860544369689475,False,24.0,24.0,0.999946054189287,0.5714285714285714,0.0,1.0,0.0,0.0,,,,,,,False,False,ambiguous,Insufficient or conflicting evidence for a specific control-guided class.,TDP43|WT-0416-CT|4|2|116,trapping_like,1.565756740050792,2.304149755120821,1.0951434816400978,True,8.76390605686032,old trapping_like + current ambiguous + ranked by trapping/temporal/outlier features
WT-0416-CT,TDP43,CT,416,condensate_evaluation_summary.csv,D:\Tianzi\condensate_classification_pj\TDP43\WT-0416-CT\CSV\SF_10ms_condensate_pj_,38,2.0,7,1,1,False,target,0.0478783575052112,0.4668463509204003,0.4852752915743884,mcm_bound_like,3.845115694015103,1.7931743662286168,1.2860544369689475,MCM2_Bound,1.2860544369689475,1.2860544369689475,False,22.0,22.0,0.9999417370361446,1.0,0.0,1.0,0.0,0.0,,,,,,,False,False,ambiguous,Insufficient or conflicting evidence for a specific control-guided class.,TDP43|WT-0416-CT|7|2|38,trapping_like,1.9563075406329569,2.451154803762638,1.0155958685180724,True,8.763288009888752,old trapping_like + current ambiguous + ranked by trapping/temporal/outlier features
WT-0416-CT,TDP43,CT,416,condensate_evaluation_summary.csv,D:\Tianzi\condensate_classification_pj\TDP43\WT-0416-CT\CSV\SF_10ms_condensate_pj_,156,1.0,4,1,1,False,target,0.0478783575052112,0.4668463509204003,0.4852752915743884,mcm_bound_like,3.845115694015103,1.7931743662286168,1.2860544369689475,MCM2_Bound,1.2860544369689475,1.2860544369689475,False,21.0,21.0,0.999939270091492,1.0,0.0,1.0,0.0,0.0,,,,,,,False,False,ambiguous,Insufficient or conflicting evidence for a specific control-guided class.,TDP43|WT-0416-CT|4|1|156,trapping_like,1.9367804185779616,2.3144003082218534,0.9758219077730188,True,8.749072929542644,old trapping_like + current ambiguous + ranked by trapping/temporal/outlier features
HAP1-0426-CT,NONO,CT,426,multi-behaviour-track.csv,D:\Tianzi\condensate_classification_pj\NONO\HAP1-0426-CT\CSV\SF_10ms_condensate_pj_,31,5.0,5,282,282,False,target,0.0133333333333333,0.9866666666666668,0.0,chromatin_bound_like,9.91365260048704,9.0406055019118,9.892323144204749,H2B,9.0406055019118,9.0406055019118,True,,,,,0.0,0.7588652482269503,0.2411347517730496,0.0,21.0,79.0,16.0,,,,False,False,ambiguous,Insufficient or conflicting evidence for a specific control-guided class.,NONO|HAP1-0426-CT|5|5|31,trapping_like,1.0708228809135854,2.6604845238516392,11.349160013770565,True,8.746600741656366,old trapping_like + current ambiguous + ranked by trapping/temporal/outlier features
WT-0416-CT,TDP43,CT,416,condensate_evaluation_summary.csv,D:\Tianzi\condensate_classification_pj\TDP43\WT-0416-CT\CSV\SF_10ms_condensate_pj_,64,1.0,4,1,1,False,target,0.0478783575052112,0.4668463509204003,0.4852752915743884,mcm_bound_like,3.845115694015103,1.7931743662286168,1.2860544369689475,MCM2_Bound,1.2860544369689475,1.2860544369689475,False,21.0,21.0,0.999939270091492,0.7272727272727273,0.0,1.0,0.0,0.0,,,,,,,False,False,ambiguous,Insufficient or conflicting evidence for a specific control-guided class.,TDP43|WT-0416-CT|4|1|64,trapping_like,1.600292395657481,2.1655435841271897,0.9758219077730188,True,8.735475896168108,old trapping_like + current ambiguous + ranked by trapping/temporal/outlier features
WT-0416-CT,TDP43,CT,416,condensate_evaluation_summary.csv,D:\Tianzi\condensate_classification_pj\TDP43\WT-0416-CT\CSV\SF_10ms_condensate_pj_,26,1.0,3,1,1,False,target,0.0478783575052112,0.4668463509204003,0.4852752915743884,mcm_bound_like,3.845115694015103,1.7931743662286168,1.2860544369689475,MCM2_Bound,1.2860544369689475,1.2860544369689475,False,23.0,23.0,0.9999439894638712,0.2307692307692307,0.0,1.0,0.0,0.0,,,,,,,False,False,ambiguous,Insufficient or conflicting evidence for a specific control-guided class.,TDP43|WT-0416-CT|3|1|26,trapping_like,1.3100296214318223,1.902309551998804,1.0553697220046627,True,8.73423980222497,old trapping_like + current ambiguous + ranked by trapping/temporal/outlier features
WT-0416-CT,TDP43,CT,416,condensate_evaluation_summary.csv,D:\Tianzi\condensate_classification_pj\TDP43\WT-0416-CT\CSV\SF_10ms_condensate_pj_,41,4.0,2,1,1,False,target,0.0478783575052112,0.4668463509204003,0.4852752915743884,mcm_bound_like,3.845115694015103,1.7931743662286168,1.2860544369689475,MCM2_Bound,1.2860544369689475,1.2860544369689475,False,22.0,22.0,0.9999417370361446,0.25,0.0,1.0,0.0,0.0,,,,,,,False,False,ambiguous,Insufficient or conflicting evidence for a specific control-guided class.,TDP43|WT-0416-CT|2|4|41,trapping_like,1.358777924202785,1.7299835373547174,1.0155958685180724,True,8.72620519159456,old trapping_like + current ambiguous + ranked by trapping/temporal/outlier features
WT-0416-CT,TDP43,CT,416,condensate_evaluation_summary.csv,D:\Tianzi\condensate_classification_pj\TDP43\WT-0416-CT\CSV\SF_10ms_condensate_pj_,52,3.0,8,1,1,False,target,0.0478783575052112,0.4668463509204003,0.4852752915743884,mcm_bound_like,3.845115694015103,1.7931743662286168,1.2860544369689475,MCM2_Bound,1.2860544369689475,1.2860544369689475,False,20.0,20.0,0.9999365564523736,1.0,0.0,1.0,0.0,0.0,,,,,,,False,False,ambiguous,Insufficient or conflicting evidence for a specific control-guided class.,TDP43|WT-0416-CT|8|3|52,trapping_like,2.0573853113039173,2.731455329815484,0.936047823680732,True,8.725587144622992,old trapping_like + current ambiguous + ranked by trapping/temporal/outlier features
HAP1-0426-CT,NONO,CT,426,multi-behaviour-track.csv,D:\Tianzi\condensate_classification_pj\NONO\HAP1-0426-CT\CSV\SF_10ms_condensate_pj_,18,6.0,4,155,155,False,target,0.02,0.98,0.0,chromatin_bound_like,9.282164818527711,8.514875302721613,9.492147614950968,H2B,8.514875302721613,8.514875302721613,True,,,,,0.0,0.7161290322580646,0.2838709677419355,0.0,11.0,25.0,16.0,,,,False,False,ambiguous,Insufficient or conflicting evidence for a specific control-guided class.,NONO|HAP1-0426-CT|4|6|18,trapping_like,1.0115716225015514,2.545310122058379,6.292140560641509,True,8.718170580964154,old trapping_like + current ambiguous + ranked by trapping/temporal/outlier features
HAP1-0426-CT,NONO,CT,426,multi-behaviour-track.csv,D:\Tianzi\condensate_classification_pj\NONO\HAP1-0426-CT\CSV\SF_10ms_condensate_pj_,104,5.0,1,240,240,False,target,0.0033333333333333,0.9966666666666668,0.0,chromatin_bound_like,9.040606929138857,8.13452131492237,8.877582682123359,H2B,8.13452131492237,8.13452131492237,True,,,,,0.0,0.825,0.175,0.0,9.0,64.0,15.0,,,,False,False,ambiguous,Insufficient or conflicting evidence for a specific control-guided class.,NONO|HAP1-0426-CT|1|5|104,trapping_like,0.9440230775998278,2.2109589827498644,9.678040089796296,True,8.711990111248454,old trapping_like + current ambiguous + ranked by trapping/temporal/outlier features
WT-0416-CT,TDP43,CT,416,condensate_evaluation_summary.csv,D:\Tianzi\condensate_classification_pj\TDP43\WT-0416-CT\CSV\SF_10ms_condensate_pj_,44,5.0,2,1,1,False,target,0.0478783575052112,0.4668463509204003,0.4852752915743884,mcm_bound_like,3.845115694015103,1.7931743662286168,1.2860544369689475,MCM2_Bound,1.2860544369689475,1.2860544369689475,False,21.0,21.0,0.999939270091492,0.2727272727272727,0.0,1.0,0.0,0.0,,,,,,,False,False,ambiguous,Insufficient or conflicting evidence for a specific control-guided class.,TDP43|WT-0416-CT|2|5|44,trapping_like,1.2511504064293932,1.7588083186484709,0.9758219077730188,True,8.704573547589616,old trapping_like + current ambiguous + ranked by trapping/temporal/outlier features
HAP1-0426-CT,NONO,CT,426,multi-behaviour-track.csv,D:\Tianzi\condensate_classification_pj\NONO\HAP1-0426-CT\CSV\SF_10ms_condensate_pj_,92,2.0,3,127,127,False,target,0.0,1.0,0.0,chromatin_bound_like,6.687294822882357,5.662533224568191,7.028156081709115,H2B,5.662533224568191,5.662533224568191,True,,,,,0.0,0.5275590551181102,0.4724409448818897,0.0,36.0,25.0,8.0,,,,False,False,ambiguous,Insufficient or conflicting evidence for a specific control-guided class.,NONO|HAP1-0426-CT|3|2|92,trapping_like,1.7983575450662406,4.827563599410201,5.183346771191605,True,8.702101359703338,old trapping_like + current ambiguous + ranked by trapping/temporal/outlier features
WT-0416-CT,TDP43,CT,416,condensate_evaluation_summary.csv,D:\Tianzi\condensate_classification_pj\TDP43\WT-0416-CT\CSV\SF_10ms_condensate_pj_,91,2.0,2,1,1,False,target,0.0478783575052112,0.4668463509204003,0.4852752915743884,mcm_bound_like,3.845115694015103,1.7931743662286168,1.2860544369689475,MCM2_Bound,1.2860544369689475,1.2860544369689475,False,18.0,18.0,0.9999302246277648,1.0,0.0,1.0,0.0,0.0,,,,,,,False,False,ambiguous,Insufficient or conflicting evidence for a specific control-guided class.,TDP43|WT-0416-CT|2|2|91,trapping_like,2.5923336527364493,3.351060537029685,0.8564992032229735,True,8.699011124845489,old trapping_like + current ambiguous + ranked by trapping/temporal/outlier features
HAP1-0426-CT,NONO,CT,426,multi-behaviour-track.csv,D:\Tianzi\condensate_classification_pj\NONO\HAP1-0426-CT\CSV\SF_10ms_condensate_pj_,68,5.0,3,196,196,False,target,0.0066666666666666,0.9933333333333332,0.0,chromatin_bound_like,9.490949417184336,8.698871993398559,9.724136516539854,H2B,8.698871993398559,8.698871993398559,True,,,,,0.0,0.6887755102040817,0.3112244897959184,0.0,19.0,38.0,16.0,,,,False,False,ambiguous,Insufficient or conflicting evidence for a specific control-guided class.,NONO|HAP1-0426-CT|3|5|68,trapping_like,0.6652662519328568,2.9802139380174606,7.925484147237936,True,8.697156983930778,old trapping_like + current ambiguous + ranked by trapping/temporal/outlier features
WT-0416-CT,TDP43,CT,416,condensate_evaluation_summary.csv,D:\Tianzi\condensate_classification_pj\TDP43\WT-0416-CT\CSV\SF_10ms_condensate_pj_,113,3.0,4,1,1,False,target,0.0478783575052112,0.4668463509204003,0.4852752915743884,mcm_bound_like,3.845115694015103,1.7931743662286168,1.2860544369689475,MCM2_Bound,1.2860544369689475,1.2860544369689475,False,18.0,18.0,0.9999302246277648,1.0,0.0,1.0,0.0,0.0,,,,,,,False,False,ambiguous,Insufficient or conflicting evidence for a specific control-guided class.,TDP43|WT-0416-CT|4|3|113,trapping_like,2.5318220085427745,3.221417893278528,0.8564992032229735,True,8.694066749072931,old trapping_like + current ambiguous + ranked by trapping/temporal/outlier features
HAP1-0426-CT,NONO,CT,426,multi-behaviour-track.csv,D:\Tianzi\condensate_classification_pj\NONO\HAP1-0426-CT\CSV\SF_10ms_condensate_pj_,146,5.0,3,171,171,False,target,0.0033333333333333,0.9966666666666668,0.0,chromatin_bound_like,7.338140944343001,6.02922468022439,6.183770043846337,H2B,6.02922468022439,6.02922468022439,True,,,,,0.0,0.783625730994152,0.2163742690058479,0.0,35.0,134.0,2.0,,,,False,False,ambiguous,Insufficient or conflicting evidence for a specific control-guided class.,NONO|HAP1-0426-CT|3|5|146,trapping_like,1.0851525456566389,3.3473699741902565,6.940046323285815,True,8.68603213844252,old trapping_like + current ambiguous + ranked by trapping/temporal/outlier features
WT-0416-CT,TDP43,CT,416,condensate_evaluation_summary.csv,D:\Tianzi\condensate_classification_pj\TDP43\WT-0416-CT\CSV\SF_10ms_condensate_pj_,2,3.0,8,1,1,False,target,0.0478783575052112,0.4668463509204003,0.4852752915743884,mcm_bound_like,3.845115694015103,1.7931743662286168,1.2860544369689475,MCM2_Bound,1.2860544369689475,1.2860544369689475,False,17.0,17.0,0.9999265000250536,1.0,0.0,1.0,0.0,0.0,,,,,,,False,False,ambiguous,Insufficient or conflicting evidence for a specific control-guided class.,TDP43|WT-0416-CT|8|3|2,trapping_like,2.388236300364237,2.572881231118519,0.8167246136488904,True,8.666872682323856,old trapping_like + current ambiguous + ranked by trapping/temporal/outlier features
WT-0416-CT,TDP43,CT,416,condensate_evaluation_summary.csv,D:\Tianzi\condensate_classification_pj\TDP43\WT-0416-CT\CSV\SF_10ms_condensate_pj_,87,4.0,8,1,1,False,target,0.0478783575052112,0.4668463509204003,0.4852752915743884,mcm_bound_like,3.845115694015103,1.7931743662286168,1.2860544369689475,MCM2_Bound,1.2860544369689475,1.2860544369689475,False,19.0,19.0,0.9999335571670326,0.4444444444444444,0.0,1.0,0.0,0.0,,,,,,,False,False,ambiguous,Insufficient or conflicting evidence for a specific control-guided class.,TDP43|WT-0416-CT|8|4|87,trapping_like,1.2971643236058708,1.5961607151090578,0.8962735967653345,True,8.65203955500618,old trapping_like + current ambiguous + ranked by trapping/temporal/outlier features
WT-0416-CT,TDP43,CT,416,condensate_evaluation_summary.csv,D:\Tianzi\condensate_classification_pj\TDP43\WT-0416-CT\CSV\SF_10ms_condensate_pj_,88,1.0,2,1,1,False,target,0.0478783575052112,0.4668463509204003,0.4852752915743884,mcm_bound_like,3.845115694015103,1.7931743662286168,1.2860544369689475,MCM2_Bound,1.2860544369689475,1.2860544369689475,False,16.0,16.0,0.9999223098470036,1.0,0.0,1.0,0.0,0.0,,,,,,,False,False,ambiguous,Insufficient or conflicting evidence for a specific control-guided class.,TDP43|WT-0416-CT|2|1|88,trapping_like,2.5571292221350155,2.818518456441943,0.7769497912871381,True,8.648331273176762,old trapping_like + current ambiguous + ranked by trapping/temporal/outlier features
WT-0416-CT,TDP43,CT,416,multi-behaviour-track.csv,D:\Tianzi\condensate_classification_pj\TDP43\WT-0416-CT\CSV\SF_10ms_condensate_pj_,163,1.0,2,195,195,False,target,0.0,1.0,0.0,chromatin_bound_like,8.885984211088859,8.015003033558315,8.828849266977794,H2B,8.015003033558315,8.015003033558315,True,,,,,0.0,0.8256410256410256,0.1743589743589743,0.0,9.0,45.0,15.0,,,,False,False,ambiguous,Insufficient or conflicting evidence for a specific control-guided class.,TDP43|WT-0416-CT|2|1|163,trapping_like,0.1469625478656457,2.649980454093029,7.886432948112306,True,8.644004944375773,old trapping_like + current ambiguous + ranked by trapping/temporal/outlier features
WT-0416-CT,TDP43,CT,416,condensate_evaluation_summary.csv,D:\Tianzi\condensate_classification_pj\TDP43\WT-0416-CT\CSV\SF_10ms_condensate_pj_,5,2.0,2,1,1,False,target,0.0478783575052112,0.4668463509204003,0.4852752915743884,mcm_bound_like,3.845115694015103,1.7931743662286168,1.2860544369689475,MCM2_Bound,1.2860544369689475,1.2860544369689475,False,17.0,17.0,0.9999265000250536,1.0,0.0,1.0,0.0,0.0,,,,,,,False,False,ambiguous,Insufficient or conflicting evidence for a specific control-guided class.,TDP43|WT-0416-CT|2|2|5,trapping_like,1.6195305210844662,1.8758745173616125,0.8167246136488904,True,8.624845488257108,old trapping_like + current ambiguous + ranked by trapping/temporal/outlier features
WT-0416-CT,TDP43,CT,416,condensate_evaluation_summary.csv,D:\Tianzi\condensate_classification_pj\TDP43\WT-0416-CT\CSV\SF_10ms_condensate_pj_,86,4.0,7,1,1,False,target,0.0478783575052112,0.4668463509204003,0.4852752915743884,mcm_bound_like,3.845115694015103,1.7931743662286168,1.2860544369689475,MCM2_Bound,1.2860544369689475,1.2860544369689475,False,18.0,18.0,0.9999302246277648,0.5,0.0,1.0,0.0,0.0,,,,,,,False,False,ambiguous,Insufficient or conflicting evidence for a specific control-guided class.,TDP43|WT-0416-CT|7|4|86,trapping_like,1.3278964598910008,1.7755060162865568,0.8564992032229735,True,8.623609394313968,old trapping_like + current ambiguous + ranked by trapping/temporal/outlier features
HAP1-0426-CT,NONO,CT,426,multi-behaviour-track.csv,D:\Tianzi\condensate_classification_pj\NONO\HAP1-0426-CT\CSV\SF_10ms_condensate_pj_,120,5.0,4,149,149,False,target,0.05,0.95,0.0,chromatin_bound_like,6.657567557999205,5.564208150529429,6.711608790908008,H2B,5.564208150529429,5.564208150529429,True,,,,,0.0,0.7046979865771812,0.2953020134228188,0.0,23.0,30.0,10.0,,,,False,False,ambiguous,Insufficient or conflicting evidence for a specific control-guided class.,NONO|HAP1-0426-CT|4|5|120,trapping_like,0.9292510054384028,2.4453589901539363,6.0579525673537,True,8.621755253399257,old trapping_like + current ambiguous + ranked by trapping/temporal/outlier features
WT-0416-CT,TDP43,CT,416,condensate_evaluation_summary.csv,D:\Tianzi\condensate_classification_pj\TDP43\WT-0416-CT\CSV\SF_10ms_condensate_pj_,110,5.0,5,1,1,False,target,0.0478783575052112,0.4668463509204003,0.4852752915743884,mcm_bound_like,3.845115694015103,1.7931743662286168,1.2860544369689475,MCM2_Bound,1.2860544369689475,1.2860544369689475,False,18.0,18.0,0.9999302246277648,0.5,0.0,1.0,0.0,0.0,,,,,,,False,False,ambiguous,Insufficient or conflicting evidence for a specific control-guided class.,TDP43|WT-0416-CT|5|5|110,trapping_like,1.1838299493605575,1.819681069251665,0.8564992032229735,True,8.61372064276885,old trapping_like + current ambiguous + ranked by trapping/temporal/outlier features
HAP1-0426-CT,NONO,CT,426,multi-behaviour-track.csv,D:\Tianzi\condensate_classification_pj\NONO\HAP1-0426-CT\CSV\SF_10ms_condensate_pj_,131,7.0,5,132,132,False,target,0.0066666666666666,0.9933333333333332,0.0,chromatin_bound_like,7.351839417274458,6.465246583945993,7.806810179592018,H2B,6.465246583945993,6.465246583945993,True,,,,,0.0,0.4393939393939394,0.5606060606060606,0.0,20.0,22.0,12.0,,,,False,False,ambiguous,Insufficient or conflicting evidence for a specific control-guided class.,NONO|HAP1-0426-CT|5|7|131,trapping_like,0.2111570335624345,1.8623461207880223,5.378599373060495,True,8.611866501854141,old trapping_like + current ambiguous + ranked by trapping/temporal/outlier features
WT-0416-CT,TDP43,CT,416,condensate_evaluation_summary.csv,D:\Tianzi\condensate_classification_pj\TDP43\WT-0416-CT\CSV\SF_10ms_condensate_pj_,108,5.0,2,1,1,False,target,0.0478783575052112,0.4668463509204003,0.4852752915743884,mcm_bound_like,3.845115694015103,1.7931743662286168,1.2860544369689475,MCM2_Bound,1.2860544369689475,1.2860544369689475,False,17.0,17.0,0.9999265000250536,1.0,0.0,1.0,0.0,0.0,,,,,,,False,False,ambiguous,Insufficient or conflicting evidence for a specific control-guided class.,TDP43|WT-0416-CT|2|5|108,trapping_like,1.461062352246583,1.5790620444798518,0.8167246136488904,True,8.606304079110012,old trapping_like + current ambiguous + ranked by trapping/temporal/outlier features
WT-0416-CT,TDP43,CT,416,condensate_evaluation_summary.csv,D:\Tianzi\condensate_classification_pj\TDP43\WT-0416-CT\CSV\SF_10ms_condensate_pj_,133,1.0,4,1,1,False,target,0.0478783575052112,0.4668463509204003,0.4852752915743884,mcm_bound_like,3.845115694015103,1.7931743662286168,1.2860544369689475,MCM2_Bound,1.2860544369689475,1.2860544369689475,False,15.0,15.0,0.9999175609785468,1.0,0.0,1.0,0.0,0.0,,,,,,,False,False,ambiguous,Insufficient or conflicting evidence for a specific control-guided class.,TDP43|WT-0416-CT|4|1|133,trapping_like,1.9594949415221852,2.2960068684418644,0.7371746895801824,True,8.605067985166873,old trapping_like + current ambiguous + ranked by trapping/temporal/outlier features
WT-0416-CT,TDP43,CT,416,condensate_evaluation_summary.csv,D:\Tianzi\condensate_classification_pj\TDP43\WT-0416-CT\CSV\SF_10ms_condensate_pj_,108,4.0,5,1,1,False,target,0.0478783575052112,0.4668463509204003,0.4852752915743884,mcm_bound_like,3.845115694015103,1.7931743662286168,1.2860544369689475,MCM2_Bound,1.2860544369689475,1.2860544369689475,False,17.0,17.0,0.9999265000250536,0.2857142857142857,0.0,1.0,0.0,0.0,,,,,,,False,False,ambiguous,Insufficient or conflicting evidence for a specific control-guided class.,TDP43|WT-0416-CT|5|4|108,trapping_like,1.2974699046620348,1.4773404809446546,0.8167246136488904,True,8.593943139678615,old trapping_like + current ambiguous + ranked by trapping/temporal/outlier features
HAP1-0426-CT,NONO,CT,426,multi-behaviour-track.csv,D:\Tianzi\condensate_classification_pj\NONO\HAP1-0426-CT\CSV\SF_10ms_condensate_pj_,105,1.0,3,139,139,False,target,0.0333333333333333,0.9666666666666668,0.0,chromatin_bound_like,6.09504719756428,4.785984858286545,5.620432859303514,H2B,4.785984858286545,4.785984858286545,True,,,,,0.0,0.7769784172661871,0.2230215827338129,0.0,13.0,55.0,9.0,,,,False,False,ambiguous,Insufficient or conflicting evidence for a specific control-guided class.,NONO|HAP1-0426-CT|3|1|105,trapping_like,1.144711669996755,2.674641897592384,5.660600407803732,True,8.589616810877626,old trapping_like + current ambiguous + ranked by trapping/temporal/outlier features
WT-0416-CT,TDP43,CT,416,condensate_evaluation_summary.csv,D:\Tianzi\condensate_classification_pj\TDP43\WT-0416-CT\CSV\SF_10ms_condensate_pj_,20,7.0,4,1,1,False,target,0.0478783575052112,0.4668463509204003,0.4852752915743884,mcm_bound_like,3.845115694015103,1.7931743662286168,1.2860544369689475,MCM2_Bound,1.2860544369689475,1.2860544369689475,False,16.0,16.0,0.9999223098470036,0.6666666666666666,0.0,1.0,0.0,0.0,,,,,,,False,False,ambiguous,Insufficient or conflicting evidence for a specific control-guided class.,TDP43|WT-0416-CT|4|7|20,trapping_like,1.5324240014516164,2.075349336158298,0.7769497912871381,True,8.588998763906057,old trapping_like + current ambiguous + ranked by trapping/temporal/outlier features
HAP1-0426-CT,NONO,CT,426,multi-behaviour-track.csv,D:\Tianzi\condensate_classification_pj\NONO\HAP1-0426-CT\CSV\SF_10ms_condensate_pj_,133,4.0,5,111,111,False,target,0.01,0.99,0.0,chromatin_bound_like,6.238487720608788,5.126504925988239,6.302073374442339,H2B,5.126504925988239,5.126504925988239,True,,,,,0.0,0.6126126126126126,0.3873873873873873,0.0,14.0,28.0,10.0,,,,False,False,ambiguous,Insufficient or conflicting evidence for a specific control-guided class.,NONO|HAP1-0426-CT|5|4|133,trapping_like,0.9389399460477263,2.2994318575878725,4.543573687213397,True,8.583436341161928,old trapping_like + current ambiguous + ranked by trapping/temporal/outlier features
HAP1-0426-CT,NONO,CT,426,multi-behaviour-track.csv,D:\Tianzi\condensate_classification_pj\NONO\HAP1-0426-CT\CSV\SF_10ms_condensate_pj_,98,4.0,1,123,123,False,target,0.14,0.86,0.0,chromatin_bound_like,6.250417364019727,5.082742244050831,6.020598603160418,H2B,5.082742244050831,5.082742244050831,True,,,,,0.0,0.7398373983739838,0.2601626016260163,0.0,9.0,35.0,10.0,,,,False,False,ambiguous,Insufficient or conflicting evidence for a specific control-guided class.,NONO|HAP1-0426-CT|1|4|98,trapping_like,0.8295625185789709,2.537403088174572,5.022066471289072,True,8.578491965389368,old trapping_like + current ambiguous + ranked by trapping/temporal/outlier features
WT-0416-CT,TDP43,CT,416,condensate_evaluation_summary.csv,D:\Tianzi\condensate_classification_pj\TDP43\WT-0416-CT\CSV\SF_10ms_condensate_pj_,42,5.0,2,1,1,False,target,0.0478783575052112,0.4668463509204003,0.4852752915743884,mcm_bound_like,3.845115694015103,1.7931743662286168,1.2860544369689475,MCM2_Bound,1.2860544369689475,1.2860544369689475,False,13.0,13.0,0.9999058714561908,1.0,0.0,1.0,0.0,0.0,,,,,,,False,False,ambiguous,Insufficient or conflicting evidence for a specific control-guided class.,TDP43|WT-0416-CT|2|5|42,trapping_like,2.3299499386065814,2.3909354846868105,0.65762339027355,True,8.556242274412856,old trapping_like + current ambiguous + ranked by trapping/temporal/outlier features
HAP1-0426-CT,NONO,CT,426,multi-behaviour-track.csv,D:\Tianzi\condensate_classification_pj\NONO\HAP1-0426-CT\CSV\SF_10ms_condensate_pj_,15,5.0,3,93,93,False,target,0.0166666666666666,0.9833333333333332,0.0,chromatin_bound_like,6.816074760883299,5.817359209053732,7.040861495898103,H2B,5.817359209053732,5.817359209053732,True,,,,,0.0,0.6021505376344086,0.3978494623655914,0.0,18.0,22.0,11.0,,,,False,False,ambiguous,Insufficient or conflicting evidence for a specific control-guided class.,NONO|HAP1-0426-CT|3|5|15,trapping_like,0.2862216236949699,1.826201203144698,3.8241324562208314,True,8.550061804697156,old trapping_like + current ambiguous + ranked by trapping/temporal/outlier features
HAP1-0426-CT,NONO,CT,426,multi-behaviour-track.csv,D:\Tianzi\condensate_classification_pj\NONO\HAP1-0426-CT\CSV\SF_10ms_condensate_pj_,57,4.0,1,103,103,False,target,0.0,1.0,0.0,chromatin_bound_like,6.386399638796374,5.283654725030397,6.492949370280464,H2B,5.283654725030397,5.283654725030397,True,,,,,0.0,0.6019417475728155,0.3980582524271844,0.0,18.0,31.0,10.0,,,,False,False,ambiguous,Insufficient or conflicting evidence for a specific control-guided class.,NONO|HAP1-0426-CT|1|4|57,trapping_like,0.5600930366571998,1.9919106666121555,4.2244716290803135,True,8.545117428924598,old trapping_like + current ambiguous + ranked by trapping/temporal/outlier features
HAP1-0426-CT,NONO,CT,426,multi-behaviour-track.csv,D:\Tianzi\condensate_classification_pj\NONO\HAP1-0426-CT\CSV\SF_10ms_condensate_pj_,357,5.0,5,129,129,False,target,0.0033333333333333,0.9966666666666668,0.0,chromatin_bound_like,6.013977128247544,4.79176539801509,6.021898279581882,H2B,4.79176539801509,4.79176539801509,True,,,,,0.0,0.627906976744186,0.3720930232558139,0.0,26.0,37.0,8.0,,,,False,False,ambiguous,Insufficient or conflicting evidence for a specific control-guided class.,NONO|HAP1-0426-CT|5|5|357,trapping_like,0.7927063251632025,2.248325030102221,5.263068024267941,True,8.542645241038318,old trapping_like + current ambiguous + ranked by trapping/temporal/outlier features
WT-0416-CT,TDP43,CT,416,multi-behaviour-track.csv,D:\Tianzi\condensate_classification_pj\TDP43\WT-0416-CT\CSV\SF_10ms_condensate_pj_,15,5.0,6,102,102,False,target,0.0033333333333333,0.9966666666666668,0.0,chromatin_bound_like,6.698437391098877,5.6524015823465374,6.733779630060935,H2B,5.6524015823465374,5.6524015823465374,True,,,,,0.0,0.6568627450980392,0.3431372549019608,0.0,12.0,29.0,11.0,,,,False,False,ambiguous,Insufficient or conflicting evidence for a specific control-guided class.,TDP43|WT-0416-CT|6|5|15,trapping_like,0.00866263811712,1.9153929147832307,4.183455132575608,True,8.520395550061805,old trapping_like + current ambiguous + ranked by trapping/temporal/outlier features
HAP1-0426-CT,NONO,CT,426,condensate_evaluation_summary.csv,D:\Tianzi\condensate_classification_pj\NONO\HAP1-0426-CT\CSV\SF_10ms_condensate_pj_,153,1.0,3,1,1,False,target,0.4840068200437827,0.5159931799562175,0.0,chromatin_bound_like,3.2960592120537675,0.7633921777365948,1.861227923824455,H2B,0.7633921777365948,0.7633921777365948,False,25.0,25.0,0.9988150292368458,0.2666666666666666,0.0,0.64,0.36,0.0,,,,,,,False,False,ambiguous,Insufficient or conflicting evidence for a specific control-guided class.,NONO|HAP1-0426-CT|3|1|153,trapping_like,0.949422380319749,1.6679968772168423,1.1187256964366048,True,8.510506798516687,old trapping_like + current ambiguous + ranked by trapping/temporal/outlier features
HAP1-0426-CT,NONO,CT,426,multi-behaviour-track.csv,D:\Tianzi\condensate_classification_pj\NONO\HAP1-0426-CT\CSV\SF_10ms_condensate_pj_,16,3.0,4,67,67,False,target,0.03,0.97,0.0,chromatin_bound_like,6.0480787933617695,5.08077513731018,6.5088132118316215,H2B,5.08077513731018,5.08077513731018,True,,,,,0.0,0.3880597014925373,0.6119402985074627,0.0,10.0,7.0,10.0,,,,False,False,ambiguous,Insufficient or conflicting evidence for a specific control-guided class.,NONO|HAP1-0426-CT|4|3|16,trapping_like,0.7493395523585015,1.6843902525369434,2.7857031008275634,True,8.504326328800989,old trapping_like + current ambiguous + ranked by trapping/temporal/outlier features
HAP1-0426-CT,NONO,CT,426,multi-behaviour-track.csv,D:\Tianzi\condensate_classification_pj\NONO\HAP1-0426-CT\CSV\SF_10ms_condensate_pj_,83,1.0,1,106,106,False,target,0.35,0.65,0.0,chromatin_bound_like,5.807159522213549,4.530836224707369,5.456873874636799,H2B,4.530836224707369,4.530836224707369,True,,,,,0.0,0.7452830188679245,0.2547169811320754,0.0,9.0,37.0,9.0,,,,False,False,ambiguous,Insufficient or conflicting evidence for a specific control-guided class.,NONO|HAP1-0426-CT|1|1|83,trapping_like,1.0206717471387947,2.303482649069834,4.345527322351145,True,8.499381953028431,old trapping_like + current ambiguous + ranked by trapping/temporal/outlier features
HAP1-0426-CT,NONO,CT,426,multi-behaviour-track.csv,D:\Tianzi\condensate_classification_pj\NONO\HAP1-0426-CT\CSV\SF_10ms_condensate_pj_,66,4.0,1,130,130,False,target,0.0033333333333333,0.9966666666666668,0.0,chromatin_bound_like,5.553690519063843,4.124080506787388,4.825924409180939,H2B,4.124080506787388,4.124080506787388,True,,,,,0.0,0.8384615384615385,0.1615384615384615,0.0,8.0,48.0,8.0,,,,False,False,ambiguous,Insufficient or conflicting evidence for a specific control-guided class.,NONO|HAP1-0426-CT|1|4|66,trapping_like,1.1550289784143797,2.683915622454452,5.3030540716870105,True,8.468479604449938,old trapping_like + current ambiguous + ranked by trapping/temporal/outlier features
HAP1-0426-CT,NONO,CT,426,condensate_evaluation_summary.csv,D:\Tianzi\condensate_classification_pj\NONO\HAP1-0426-CT\CSV\SF_10ms_condensate_pj_,270,4.0,5,1,1,False,target,0.4283995839997718,0.5716004160002286,0.0,chromatin_bound_like,3.249326037080151,0.7038095868530649,2.0322969184618542,H2B,0.7038095868530649,0.7038095868530649,False,19.0,19.0,0.9986974895341524,1.0,0.0,0.5789473684210527,0.4210526315789473,0.0,,,,,,,False,False,ambiguous,Insufficient or conflicting evidence for a specific control-guided class.,NONO|HAP1-0426-CT|5|4|270,trapping_like,1.595087092485732,2.0311825218986668,0.88871111850445,True,8.46168108776267,old trapping_like + current ambiguous + ranked by trapping/temporal/outlier features
HAP1-0426-CT,NONO,CT,426,multi-behaviour-track.csv,D:\Tianzi\condensate_classification_pj\NONO\HAP1-0426-CT\CSV\SF_10ms_condensate_pj_,321,4.0,5,130,130,False,target,0.0,1.0,0.0,chromatin_bound_like,5.4014833901790285,4.002189674841888,4.825052899969225,H2B,4.002189674841888,4.002189674841888,True,,,,,0.0,0.823076923076923,0.1769230769230769,0.0,8.0,34.0,8.0,,,,False,False,ambiguous,Insufficient or conflicting evidence for a specific control-guided class.,NONO|HAP1-0426-CT|5|4|321,trapping_like,1.388569059850884,2.9476523436596502,5.303045213170169,True,8.456118665018542,old trapping_like + current ambiguous + ranked by trapping/temporal/outlier features
WT-0416-CT,TDP43,CT,416,multi-behaviour-track.csv,D:\Tianzi\condensate_classification_pj\TDP43\WT-0416-CT\CSV\SF_10ms_condensate_pj_,35,3.0,2,133,133,False,target,0.06,0.94,0.0,chromatin_bound_like,5.736932870738134,4.309732897662894,5.064753056436239,H2B,4.309732897662894,4.309732897662894,True,,,,,0.0,0.7518796992481203,0.2481203007518796,0.0,11.0,64.0,8.0,,,,False,False,ambiguous,Insufficient or conflicting evidence for a specific control-guided class.,TDP43|WT-0416-CT|2|3|35,trapping_like,0.4508887770563309,2.452320642956511,5.422480933307396,True,8.438813349814586,old trapping_like + current ambiguous + ranked by trapping/temporal/outlier features
HAP1-0426-CT,NONO,CT,426,multi-behaviour-track.csv,D:\Tianzi\condensate_classification_pj\NONO\HAP1-0426-CT\CSV\SF_10ms_condensate_pj_,96,3.0,1,120,120,False,target,0.05,0.95,0.0,chromatin_bound_like,5.507711734037083,4.313348292336652,5.778140434251342,H2B,4.313348292336652,4.313348292336652,True,,,,,0.0,0.4833333333333333,0.5166666666666667,0.0,20.0,20.0,8.0,,,,False,False,ambiguous,Insufficient or conflicting evidence for a specific control-guided class.,NONO|HAP1-0426-CT|1|3|96,trapping_like,0.3527783209454728,1.94058086838114,4.904432066628722,True,8.42150803461063,old trapping_like + current ambiguous + ranked by trapping/temporal/outlier features
HAP1-0426-CT,NONO,CT,426,condensate_evaluation_summary.csv,D:\Tianzi\condensate_classification_pj\NONO\HAP1-0426-CT\CSV\SF_10ms_condensate_pj_,50,2.0,2,1,1,False,target,0.4597940424674173,0.5402059575325827,0.0,chromatin_bound_like,3.20181589103132,0.8186269989797927,2.442335122883106,H2B,0.8186269989797927,0.8186269989797927,False,18.0,18.0,0.9971955934619674,0.25,0.0,0.4444444444444444,0.5555555555555556,0.0,,,,,,,False,False,ambiguous,Insufficient or conflicting evidence for a specific control-guided class.,NONO|HAP1-0426-CT|2|2|50,trapping_like,1.0216782465685497,1.3393850521765724,0.8404260052871335,True,8.394932014833127,old trapping_like + current ambiguous + ranked by trapping/temporal/outlier features
HAP1-0426-CT,NONO,CT,426,multi-behaviour-track.csv,D:\Tianzi\condensate_classification_pj\NONO\HAP1-0426-CT\CSV\SF_10ms_condensate_pj_,298,4.0,5,83,83,False,target,0.0033333333333333,0.9966666666666668,0.0,chromatin_bound_like,5.365479947494117,4.089853248241758,5.380899241921818,H2B,4.089853248241758,4.089853248241758,True,,,,,0.0,0.6265060240963856,0.3734939759036144,0.0,16.0,19.0,8.0,,,,False,False,ambiguous,Insufficient or conflicting evidence for a specific control-guided class.,NONO|HAP1-0426-CT|5|4|298,trapping_like,0.759274770253777,2.2196804315334453,3.4290323500846878,True,8.367119901112483,old trapping_like + current ambiguous + ranked by trapping/temporal/outlier features
HAP1-0426-CT,NONO,CT,426,condensate_evaluation_summary.csv,D:\Tianzi\condensate_classification_pj\NONO\HAP1-0426-CT\CSV\SF_10ms_condensate_pj_,109,5.0,1,1,1,False,target,0.4283995839997718,0.5716004160002286,0.0,chromatin_bound_like,3.249326037080151,0.7038095868530649,2.0322969184618542,H2B,0.7038095868530649,0.7038095868530649,False,19.0,19.0,0.9982406764017931,0.4444444444444444,0.0,0.5789473684210527,0.4210526315789473,0.0,,,,,,,False,False,ambiguous,Insufficient or conflicting evidence for a specific control-guided class.,NONO|HAP1-0426-CT|1|5|109,trapping_like,0.6961196488731105,1.5755071741170694,0.8745938230493814,True,8.362793572311496,old trapping_like + current ambiguous + ranked by trapping/temporal/outlier features
HAP1-0426-CT,NONO,CT,426,multi-behaviour-track.csv,D:\Tianzi\condensate_classification_pj\NONO\HAP1-0426-CT\CSV\SF_10ms_condensate_pj_,106,1.0,5,65,65,False,target,0.0133333333333333,0.9866666666666668,0.0,chromatin_bound_like,5.338645547405712,4.152245969501475,5.638114433892536,H2B,4.152245969501475,4.152245969501475,True,,,,,0.0,0.4923076923076923,0.5076923076923077,0.0,17.0,11.0,8.0,,,,False,False,ambiguous,Insufficient or conflicting evidence for a specific control-guided class.,NONO|HAP1-0426-CT|5|1|106,trapping_like,0.8018335042890687,2.2562584487488837,2.709557402144173,True,8.360939431396785,old trapping_like + current ambiguous + ranked by trapping/temporal/outlier features
HAP1-0426-CT,NONO,CT,426,multi-behaviour-track.csv,D:\Tianzi\condensate_classification_pj\NONO\HAP1-0426-CT\CSV\SF_10ms_condensate_pj_,19,1.0,1,67,67,False,target,0.12,0.88,0.0,chromatin_bound_like,5.416068996507517,4.313096954327941,5.756694125862261,H2B,4.313096954327941,4.313096954327941,True,,,,,0.0,0.2985074626865671,0.7014925373134329,0.0,36.0,20.0,2.0,,,,False,False,ambiguous,Insufficient or conflicting evidence for a specific control-guided class.,NONO|HAP1-0426-CT|1|1|19,trapping_like,0.0916003128622465,1.953733561325138,2.800900862993504,True,8.338689740420271,old trapping_like + current ambiguous + ranked by trapping/temporal/outlier features
HAP1-0426-CT,NONO,CT,426,multi-behaviour-track.csv,D:\Tianzi\condensate_classification_pj\NONO\HAP1-0426-CT\CSV\SF_10ms_condensate_pj_,46,3.0,3,69,69,False,target,0.01,0.99,0.0,chromatin_bound_like,5.234938643062603,3.9058587771756472,4.844561623558477,H2B,3.9058587771756472,3.9058587771756472,True,,,,,0.0,0.7681159420289855,0.2318840579710145,0.0,5.0,18.0,8.0,,,,False,False,ambiguous,Insufficient or conflicting evidence for a specific control-guided class.,NONO|HAP1-0426-CT|3|3|46,trapping_like,1.0312051524174566,1.9664978371172543,2.8697355067296426,True,8.332509270704573,old trapping_like + current ambiguous + ranked by trapping/temporal/outlier features
WT-0416-CT,TDP43,CT,416,multi-behaviour-track.csv,D:\Tianzi\condensate_classification_pj\TDP43\WT-0416-CT\CSV\SF_10ms_condensate_pj_,97,4.0,4,98,98,False,target,0.0133333333333333,0.9866666666666668,0.0,chromatin_bound_like,5.3812385951116095,4.038890155120866,5.226745181932817,H2B,4.038890155120866,4.038890155120866,True,,,,,0.0,0.6224489795918368,0.3775510204081632,0.0,14.0,34.0,8.0,,,,False,False,ambiguous,Insufficient or conflicting evidence for a specific control-guided class.,TDP43|WT-0416-CT|4|4|97,trapping_like,0.1979061198738526,1.7673839374785394,4.02757970705536,True,8.327564894932015,old trapping_like + current ambiguous + ranked by trapping/temporal/outlier features
HAP1-0426-CT,NONO,CT,426,multi-behaviour-track.csv,D:\Tianzi\condensate_classification_pj\NONO\HAP1-0426-CT\CSV\SF_10ms_condensate_pj_,83,2.0,5,83,83,False,target,0.0,1.0,0.0,chromatin_bound_like,5.3970910974634245,3.9919098699321336,4.844128178742307,H2B,3.9919098699321336,3.9919098699321336,True,,,,,0.0,0.7831325301204819,0.216867469879518,0.0,8.0,38.0,8.0,,,,False,False,ambiguous,Insufficient or conflicting evidence for a specific control-guided class.,NONO|HAP1-0426-CT|5|2|83,trapping_like,0.5540840923303543,2.3481362492477107,3.4291776800246185,True,8.323856613102596,old trapping_like + current ambiguous + ranked by trapping/temporal/outlier features
HAP1-0426-CT,NONO,CT,426,multi-behaviour-track.csv,D:\Tianzi\condensate_classification_pj\NONO\HAP1-0426-CT\CSV\SF_10ms_condensate_pj_,109,2.0,1,64,64,False,target,0.0633333333333333,0.9366666666666666,0.0,chromatin_bound_like,5.245198483802908,3.889553981408618,4.827668309355735,H2B,3.889553981408618,3.889553981408618,True,,,,,0.0,0.734375,0.265625,0.0,5.0,26.0,8.0,,,,False,False,ambiguous,Insufficient or conflicting evidence for a specific control-guided class.,NONO|HAP1-0426-CT|1|2|109,trapping_like,1.1204233124173342,2.035364828602898,2.669657889134116,True,8.322620519159456,old trapping_like + current ambiguous + ranked by trapping/temporal/outlier features
HAP1-0426-CT,NONO,CT,426,multi-behaviour-track.csv,D:\Tianzi\condensate_classification_pj\NONO\HAP1-0426-CT\CSV\SF_10ms_condensate_pj_,79,3.0,5,60,60,False,target,0.0,1.0,0.0,chromatin_bound_like,5.288186441509185,4.037342014380142,5.419740656641335,H2B,4.037342014380142,4.037342014380142,True,,,,,0.0,0.55,0.45,0.0,15.0,17.0,8.0,,,,False,False,ambiguous,Insufficient or conflicting evidence for a specific control-guided class.,NONO|HAP1-0426-CT|5|3|79,trapping_like,0.748838437859274,1.9610809429215603,2.5093759054811384,True,8.321384425216316,old trapping_like + current ambiguous + ranked by trapping/temporal/outlier features
HAP1-0426-CT,NONO,CT,426,multi-behaviour-track.csv,D:\Tianzi\condensate_classification_pj\NONO\HAP1-0426-CT\CSV\SF_10ms_condensate_pj_,317,4.0,5,66,66,False,target,0.0166666666666666,0.9833333333333332,0.0,chromatin_bound_like,5.18474219870213,3.8700762761506375,4.892768367189776,H2B,3.8700762761506375,3.8700762761506375,True,,,,,0.0,0.7121212121212122,0.2878787878787879,0.0,5.0,17.0,8.0,,,,False,False,ambiguous,Insufficient or conflicting evidence for a specific control-guided class.,NONO|HAP1-0426-CT|5|4|317,trapping_like,0.9991505460109662,1.71350155697352,2.749725579349228,True,8.30284301606922,old trapping_like + current ambiguous + ranked by trapping/temporal/outlier features
HAP1-0426-CT,NONO,CT,426,multi-behaviour-track.csv,D:\Tianzi\condensate_classification_pj\NONO\HAP1-0426-CT\CSV\SF_10ms_condensate_pj_,96,5.0,5,87,87,False,target,0.0066666666666666,0.9933333333333332,0.0,chromatin_bound_like,5.276417020565816,3.96499642245284,5.219749657946974,H2B,3.96499642245284,3.96499642245284,True,,,,,0.0,0.6091954022988506,0.3908045977011494,0.0,13.0,24.0,8.0,,,,False,False,ambiguous,Insufficient or conflicting evidence for a specific control-guided class.,NONO|HAP1-0426-CT|5|5|96,trapping_like,0.1581272873438813,2.382368198826853,3.588699031138677,True,8.289245982694684,old trapping_like + current ambiguous + ranked by trapping/temporal/outlier features
WT-0416-CT,TDP43,CT,416,multi-behaviour-track.csv,D:\Tianzi\condensate_classification_pj\TDP43\WT-0416-CT\CSV\SF_10ms_condensate_pj_,8,5.0,4,90,90,False,target,0.0033333333333333,0.9966666666666668,0.0,chromatin_bound_like,5.255509235906468,3.936131224264803,5.154155048669041,H2B,3.936131224264803,3.936131224264803,True,,,,,0.0,0.6333333333333333,0.3666666666666666,0.0,12.0,23.0,8.0,,,,False,False,ambiguous,Insufficient or conflicting evidence for a specific control-guided class.,TDP43|WT-0416-CT|4|5|8,trapping_like,0.1349421076198037,1.5727752564899924,3.70844709762632,True,8.278121137206426,old trapping_like + current ambiguous + ranked by trapping/temporal/outlier features
HAP1-0426-CT,NONO,CT,426,multi-behaviour-track.csv,D:\Tianzi\condensate_classification_pj\NONO\HAP1-0426-CT\CSV\SF_10ms_condensate_pj_,118,4.0,4,210,210,False,target,0.03,0.97,0.0,chromatin_bound_like,8.32525767584335,7.363434032479173,8.48300904816006,H2B,7.363434032479173,7.363434032479173,True,,,,,0.0,0.5476190476190477,0.4523809523809524,0.0,32.0,68.0,12.0,,,,False,False,ambiguous,Insufficient or conflicting evidence for a specific control-guided class.,NONO|HAP1-0426-CT|4|4|118,trapping_like,-0.0602198921054185,3.4074350456214537,8.485306066839104,True,8.121137206427688,old trapping_like + current ambiguous + ranked by trapping/temporal/outlier features
HAP1-0426-CT,NONO,CT,426,multi-behaviour-track.csv,D:\Tianzi\condensate_classification_pj\NONO\HAP1-0426-CT\CSV\SF_10ms_condensate_pj_,63,6.0,3,100,100,False,target,0.03,0.97,0.0,chromatin_bound_like,9.708877791616931,9.1290070483481,10.48884735359612,H2B,9.1290070483481,9.1290070483481,True,,,,,0.0,0.12,0.88,0.0,70.0,6.0,4.0,,,,False,False,ambiguous,Insufficient or conflicting evidence for a specific control-guided class.,NONO|HAP1-0426-CT|3|6|63,trapping_like,-0.3374892267491386,1.4100771511880237,4.112086869758791,True,8.071693448702101,old trapping_like + current ambiguous + ranked by trapping/temporal/outlier features
WT-0416-CT,TDP43,CT,416,multi-behaviour-track.csv,D:\Tianzi\condensate_classification_pj\TDP43\WT-0416-CT\CSV\SF_10ms_condensate_pj_,1,4.0,1,194,194,False,target,0.05,0.95,0.0,chromatin_bound_like,6.489912229164893,5.225717773870652,6.154916019683935,H2B,5.225717773870652,5.225717773870652,True,,,,,0.0,0.6701030927835051,0.3298969072164948,0.0,20.0,71.0,9.0,,,,False,False,ambiguous,Insufficient or conflicting evidence for a specific control-guided class.,TDP43|WT-0416-CT|1|4|1,trapping_like,-0.0430437625290503,1.8940060148595723,7.850402818994733,True,8.03461063040791,old trapping_like + current ambiguous + ranked by trapping/temporal/outlier features
HAP1-0426-CT,NONO,CT,426,multi-behaviour-track.csv,D:\Tianzi\condensate_classification_pj\NONO\HAP1-0426-CT\CSV\SF_10ms_condensate_pj_,196,6.0,5,99,99,False,target,0.0166666666666666,0.9833333333333332,0.0,chromatin_bound_like,6.903240815777033,5.982624608317479,7.441151094700842,H2B,5.982624608317479,5.982624608317479,True,,,,,0.0,0.4141414141414141,0.5858585858585859,0.0,42.0,15.0,7.0,,,,False,False,ambiguous,Insufficient or conflicting evidence for a specific control-guided class.,NONO|HAP1-0426-CT|5|6|196,trapping_like,-0.2571171153032047,2.3284486886737734,4.068690157005474,True,8.013597033374536,old trapping_like + current ambiguous + ranked by trapping/temporal/outlier features
