Video #,Cell,Track,assigned_state_code,assigned_state,assignment_method,start_frame,end_frame,duration_frames,valid_frame_count,stable_frame_count,short_run_frame_count,raw_frames_diffusion,raw_frames_constrained_diffusion,raw_frames_bound,stable_frames_diffusion,stable_frames_constrained_diffusion,stable_frames_bound,duration_s
1,1,2,2,bound,single_stable_state,0,46,47,47,47,0,0,0,47,0,0,47,0.47000000000000003
1,1,4,2,bound,single_stable_state,14,62,49,49,48,1,0,1,48,0,0,48,0.49
1,1,7,1,constrained_diffusion,single_stable_state,38,50,13,13,13,0,0,13,0,0,13,0,0.13
1,1,8,2,bound,single_stable_state,40,51,12,12,12,0,0,0,12,0,0,12,0.12
1,1,9,1,constrained_diffusion,single_stable_state,56,72,17,17,17,0,0,17,0,0,17,0,0.17
1,1,13,2,bound,single_stable_state,64,77,14,14,14,0,0,0,14,0,0,14,0.14
1,1,15,1,constrained_diffusion,single_stable_state,69,107,39,39,39,0,0,39,0,0,39,0,0.39
1,1,18,1,constrained_diffusion,single_stable_state,87,97,11,11,11,0,0,11,0,0,11,0,0.11
1,1,20,2,bound,single_stable_state,119,198,80,80,79,1,0,1,79,0,0,79,0.8
1,1,26,2,bound,single_stable_state,172,187,16,16,15,1,0,1,15,0,0,15,0.16
1,1,41,1,constrained_diffusion,single_stable_state,409,419,11,11,11,0,0,11,0,0,11,0,0.11
1,1,44,1,constrained_diffusion,single_stable_state,467,484,18,18,18,0,0,18,0,0,18,0,0.18
1,1,48,2,bound,single_stable_state,485,494,10,10,10,0,0,0,10,0,0,10,0.1
1,1,50,2,bound,single_stable_state,496,508,13,13,12,1,0,1,12,0,0,12,0.13
1,1,58,2,bound,single_stable_state,578,624,47,47,47,0,0,0,47,0,0,47,0.47000000000000003
1,1,64,1,constrained_diffusion,single_stable_state,691,705,15,15,15,0,0,15,0,0,15,0,0.15
1,1,65,2,bound,single_stable_state,699,724,26,26,26,0,0,0,26,0,0,26,0.26
1,1,68,2,bound,single_stable_state,799,808,10,10,8,2,0,2,8,0,0,8,0.1
1,1,75,1,constrained_diffusion,single_stable_state,999,1016,18,18,18,0,0,18,0,0,18,0,0.18
1,1,78,1,constrained_diffusion,single_stable_state,1111,1120,10,10,10,0,0,10,0,0,10,0,0.1
1,1,80,1,constrained_diffusion,single_stable_state,1129,1148,20,20,20,0,0,20,0,0,20,0,0.2
1,1,81,2,bound,single_stable_state,1214,1228,15,15,15,0,0,0,15,0,0,15,0.15
1,1,88,0,diffusion,single_stable_state,1322,1331,10,10,10,0,10,0,0,10,0,0,0.1
1,1,100,0,diffusion,single_stable_state,1641,1654,14,14,11,3,11,3,0,11,0,0,0.14
1,1,102,0,diffusion,single_stable_state,1657,1667,11,11,11,0,11,0,0,11,0,0,0.11
1,1,104,2,bound,single_stable_state,1787,1822,36,36,35,1,0,1,35,0,0,35,0.36
1,1,108,0,diffusion,single_stable_state,1854,1868,15,15,13,2,13,2,0,13,0,0,0.15
1,1,117,1,constrained_diffusion,single_stable_state,2385,2395,11,11,11,0,0,11,0,0,11,0,0.11
1,1,119,2,bound,single_stable_state,2658,2701,44,44,43,1,0,1,43,0,0,43,0.44
1,1,120,2,bound,single_stable_state,2969,2983,15,15,14,1,0,1,14,0,0,14,0.15
1,2,1,2,bound,single_stable_state,0,30,31,31,30,1,0,1,30,0,0,30,0.31
1,2,3,2,bound,single_stable_state,3,51,49,49,48,1,0,1,48,0,0,48,0.49
1,2,9,1,constrained_diffusion,single_stable_state,56,65,10,10,10,0,0,10,0,0,10,0,0.1
1,2,15,2,bound,single_stable_state,152,164,13,13,13,0,0,0,13,0,0,13,0.13
1,2,18,2,bound,single_stable_state,166,179,14,14,10,4,0,4,10,0,0,10,0.14
1,2,19,2,bound,single_stable_state,175,197,23,23,23,0,0,0,23,0,0,23,0.23
1,2,20,2,bound,single_stable_state,181,191,11,11,10,1,0,1,10,0,0,10,0.11
1,2,24,2,bound,single_stable_state,197,223,27,27,27,0,0,0,27,0,0,27,0.27
1,2,25,1,constrained_diffusion,single_stable_state,197,209,13,13,13,0,0,13,0,0,13,0,0.13
1,2,27,2,bound,single_stable_state,212,244,33,33,32,1,0,1,32,0,0,32,0.33
1,2,28,2,bound,single_stable_state,215,232,18,18,16,2,0,2,16,0,0,16,0.18
1,2,29,0,diffusion,single_stable_state,216,226,11,11,11,0,11,0,0,11,0,0,0.11
1,2,30,1,constrained_diffusion,single_stable_state,226,235,10,10,10,0,0,10,0,0,10,0,0.1
1,2,35,1,constrained_diffusion,single_stable_state,234,243,10,10,10,0,0,10,0,0,10,0,0.1
1,2,64,2,bound,single_stable_state,334,348,15,15,14,1,0,1,14,0,0,14,0.15
1,2,65,1,constrained_diffusion,single_stable_state,341,353,13,13,13,0,0,13,0,0,13,0,0.13
1,2,68,0,diffusion,single_stable_state,431,444,14,14,11,3,11,3,0,11,0,0,0.14
1,2,75,1,constrained_diffusion,single_stable_state,612,636,25,25,25,0,0,25,0,0,25,0,0.25
1,2,80,2,bound,single_stable_state,673,688,16,16,12,4,0,4,12,0,0,12,0.16
1,2,81,2,bound,single_stable_state,688,804,117,117,117,0,0,0,117,0,0,117,1.17
1,2,85,0,diffusion,single_stable_state,711,723,13,13,12,1,12,1,0,12,0,0,0.13
1,2,87,1,constrained_diffusion,single_stable_state,724,748,25,25,25,0,0,25,0,0,25,0,0.25
1,2,92,0,diffusion,single_stable_state,808,818,11,11,11,0,11,0,0,11,0,0,0.11
1,2,94,0,diffusion,single_stable_state,814,823,10,10,10,0,10,0,0,10,0,0,0.1
1,2,96,2,bound,single_stable_state,830,844,15,15,13,2,0,2,13,0,0,13,0.15
1,2,99,0,diffusion,single_stable_state,847,870,24,24,24,0,24,0,0,24,0,0,0.24
1,2,106,2,bound,single_stable_state,1033,1047,15,15,15,0,0,0,15,0,0,15,0.15
1,2,118,2,bound,single_stable_state,1283,1316,34,34,34,0,0,0,34,0,0,34,0.34
1,2,120,2,bound,single_stable_state,1310,1435,126,126,125,1,0,1,125,0,0,125,1.26
1,2,130,1,constrained_diffusion,single_stable_state,1459,1475,17,17,17,0,0,17,0,0,17,0,0.17
1,2,138,2,bound,single_stable_state,1831,1855,25,25,25,0,0,0,25,0,0,25,0.25
1,2,141,0,diffusion,single_stable_state,1881,1898,18,18,14,4,14,4,0,14,0,0,0.18
1,2,143,2,bound,single_stable_state,2189,2199,11,11,11,0,0,0,11,0,0,11,0.11
1,2,147,2,bound,single_stable_state,2289,2372,84,84,84,0,0,0,84,0,0,84,0.84
1,2,150,2,bound,single_stable_state,2356,2428,73,73,72,1,0,1,72,0,0,72,0.73
1,2,160,2,bound,single_stable_state,2653,2670,18,18,16,2,0,2,16,0,0,16,0.18
1,3,1,0,diffusion,single_stable_state,0,10,11,11,10,1,10,1,0,10,0,0,0.11
1,3,4,0,diffusion,single_stable_state,12,24,13,13,13,0,13,0,0,13,0,0,0.13
1,3,5,0,diffusion,single_stable_state,81,90,10,10,8,2,8,2,0,8,0,0,0.1
1,3,7,1,constrained_diffusion,single_stable_state,146,158,13,13,13,0,0,13,0,0,13,0,0.13
1,3,19,2,bound,single_stable_state,311,344,34,34,31,3,0,3,31,0,0,31,0.34
1,3,29,2,bound,single_stable_state,559,583,25,25,25,0,0,0,25,0,0,25,0.25
1,3,30,1,constrained_diffusion,single_stable_state,581,604,24,24,24,0,0,24,0,0,24,0,0.24
1,3,33,2,bound,single_stable_state,621,684,64,64,63,1,0,1,63,0,0,63,0.64
1,3,34,1,constrained_diffusion,single_stable_state,625,645,21,21,21,0,0,21,0,0,21,0,0.21
1,3,35,1,constrained_diffusion,single_stable_state,645,668,24,24,24,0,0,24,0,0,24,0,0.24
1,3,36,1,constrained_diffusion,single_stable_state,670,719,50,50,50,0,0,50,0,0,50,0,0.5
1,3,37,1,constrained_diffusion,single_stable_state,686,699,14,14,14,0,0,14,0,0,14,0,0.14
1,3,38,1,constrained_diffusion,single_stable_state,719,745,27,27,27,0,0,27,0,0,27,0,0.27
1,3,40,0,diffusion,single_stable_state,731,740,10,10,10,0,10,0,0,10,0,0,0.1
1,3,41,0,diffusion,single_stable_state,740,755,16,16,16,0,16,0,0,16,0,0,0.16
1,3,42,1,constrained_diffusion,single_stable_state,748,783,36,36,36,0,0,36,0,0,36,0,0.36
1,3,43,2,bound,single_stable_state,754,807,54,54,54,0,0,0,54,0,0,54,0.54
1,3,45,2,bound,single_stable_state,767,794,28,28,26,2,0,2,26,0,0,26,0.28
1,3,46,2,bound,single_stable_state,793,849,57,57,56,1,0,1,56,0,0,56,0.5700000000000001
1,3,49,1,constrained_diffusion,single_stable_state,814,826,13,13,13,0,0,13,0,0,13,0,0.13
1,3,54,2,bound,single_stable_state,1073,1126,54,54,54,0,0,0,54,0,0,54,0.54
1,3,58,2,bound,single_stable_state,1142,1222,81,81,81,0,0,0,81,0,0,81,0.81
1,3,61,1,constrained_diffusion,single_stable_state,1229,1238,10,10,10,0,0,10,0,0,10,0,0.1
1,3,63,2,bound,single_stable_state,1246,1270,25,25,24,1,0,1,24,0,0,24,0.25
1,3,78,2,bound,single_stable_state,1595,1605,11,11,9,2,0,2,9,0,0,9,0.11
1,3,86,1,constrained_diffusion,single_stable_state,2224,2237,14,14,14,0,0,14,0,0,14,0,0.14
1,3,88,2,bound,single_stable_state,2243,2265,23,23,23,0,0,0,23,0,0,23,0.23
1,3,94,2,bound,single_stable_state,2567,2595,29,29,29,0,0,0,29,0,0,29,0.29
1,3,95,1,constrained_diffusion,single_stable_state,2611,2621,11,11,11,0,0,11,0,0,11,0,0.11
1,3,99,1,constrained_diffusion,single_stable_state,2987,2999,13,13,13,0,0,13,0,0,13,0,0.13
1,4,5,2,bound,single_stable_state,0,63,64,64,64,0,0,0,64,0,0,64,0.64
1,4,7,2,bound,single_stable_state,0,62,63,63,62,1,0,1,62,0,0,62,0.63
1,4,8,2,bound,single_stable_state,6,15,10,10,9,1,0,1,9,0,0,9,0.1
1,4,10,0,diffusion,single_stable_state,7,16,10,10,10,0,10,0,0,10,0,0,0.1
1,4,18,0,diffusion,single_stable_state,60,69,10,10,10,0,10,0,0,10,0,0,0.1
1,4,29,0,diffusion,single_stable_state,130,140,11,11,8,3,8,3,0,8,0,0,0.11
1,4,34,2,bound,single_stable_state,217,227,11,11,11,0,0,0,11,0,0,11,0.11
1,4,35,2,bound,single_stable_state,220,244,25,25,23,2,0,2,23,0,0,23,0.25
1,4,39,1,constrained_diffusion,single_stable_state,280,290,11,11,11,0,0,11,0,0,11,0,0.11
1,4,40,1,constrained_diffusion,single_stable_state,309,329,21,21,21,0,0,21,0,0,21,0,0.21
1,4,42,2,bound,single_stable_state,382,397,16,16,15,1,0,1,15,0,0,15,0.16
1,4,43,1,constrained_diffusion,single_stable_state,406,418,13,13,13,0,0,13,0,0,13,0,0.13
1,4,52,0,diffusion,single_stable_state,622,631,10,10,8,2,8,2,0,8,0,0,0.1
1,4,56,2,bound,single_stable_state,651,682,32,32,30,2,0,2,30,0,0,30,0.32
1,4,63,1,constrained_diffusion,single_stable_state,731,747,17,17,17,0,0,17,0,0,17,0,0.17
1,4,65,2,bound,single_stable_state,764,778,15,15,15,0,0,0,15,0,0,15,0.15
1,4,67,1,constrained_diffusion,single_stable_state,780,790,11,11,11,0,0,11,0,0,11,0,0.11
1,4,68,2,bound,single_stable_state,792,807,16,16,15,1,0,1,15,0,0,15,0.16
1,4,70,2,bound,single_stable_state,817,842,26,26,26,0,0,0,26,0,0,26,0.26
1,4,71,2,bound,single_stable_state,888,914,27,27,24,3,0,3,24,0,0,24,0.27
1,4,73,2,bound,single_stable_state,918,966,49,49,48,1,0,1,48,0,0,48,0.49
1,4,78,2,bound,single_stable_state,1504,1515,12,12,12,0,0,0,12,0,0,12,0.12
1,4,82,2,bound,single_stable_state,1658,1668,11,11,10,1,0,1,10,0,0,10,0.11
1,4,83,1,constrained_diffusion,single_stable_state,1742,1751,10,10,10,0,0,10,0,0,10,0,0.1
1,4,84,2,bound,single_stable_state,1783,1826,44,44,43,1,0,1,43,0,0,43,0.44
1,4,99,1,constrained_diffusion,single_stable_state,2050,2076,27,27,27,0,0,27,0,0,27,0,0.27
1,4,103,1,constrained_diffusion,single_stable_state,2294,2309,16,16,16,0,0,16,0,0,16,0,0.16
1,4,110,2,bound,single_stable_state,2491,2505,15,15,15,0,0,0,15,0,0,15,0.15
1,4,112,2,bound,single_stable_state,2568,2577,10,10,10,0,0,0,10,0,0,10,0.1
1,4,117,0,diffusion,single_stable_state,2616,2626,11,11,11,0,11,0,0,11,0,0,0.11
1,4,118,0,diffusion,single_stable_state,2632,2642,11,11,11,0,11,0,0,11,0,0,0.11
1,4,127,0,diffusion,single_stable_state,2849,2859,11,11,9,2,9,2,0,9,0,0,0.11
1,4,132,2,bound,single_stable_state,2900,2965,66,66,65,1,0,1,65,0,0,65,0.66
1,4,133,2,bound,single_stable_state,2980,2998,19,19,18,1,0,1,18,0,0,18,0.19
1,5,1,2,bound,single_stable_state,0,58,59,59,59,0,0,0,59,0,0,59,0.59
1,5,6,0,diffusion,single_stable_state,60,72,13,13,12,1,12,1,0,12,0,0,0.13
1,5,10,0,diffusion,single_stable_state,119,133,15,15,15,0,15,0,0,15,0,0,0.15
1,5,18,1,constrained_diffusion,single_stable_state,226,239,14,14,14,0,0,14,0,0,14,0,0.14
1,5,28,0,diffusion,single_stable_state,413,422,10,10,9,1,9,1,0,9,0,0,0.1
1,5,29,2,bound,single_stable_state,416,434,19,19,19,0,0,0,19,0,0,19,0.19
1,5,34,2,bound,single_stable_state,443,453,11,11,8,3,0,3,8,0,0,8,0.11
1,5,42,0,diffusion,single_stable_state,570,581,12,12,11,1,11,1,0,11,0,0,0.12
1,5,49,2,bound,single_stable_state,836,876,41,41,39,2,0,2,39,0,0,39,0.41000000000000003
1,5,56,2,bound,single_stable_state,1085,1095,11,11,11,0,0,0,11,0,0,11,0.11
1,5,59,1,constrained_diffusion,single_stable_state,1126,1138,13,13,13,0,0,13,0,0,13,0,0.13
1,5,71,1,constrained_diffusion,single_stable_state,1366,1398,33,33,33,0,0,33,0,0,33,0,0.33
1,5,72,1,constrained_diffusion,single_stable_state,1415,1424,10,10,10,0,0,10,0,0,10,0,0.1
1,5,74,2,bound,single_stable_state,1484,1495,12,12,9,3,0,3,9,0,0,9,0.12
1,5,77,1,constrained_diffusion,single_stable_state,1573,1585,13,13,13,0,0,13,0,0,13,0,0.13
1,5,81,2,bound,single_stable_state,1664,1676,13,13,9,4,0,4,9,0,0,9,0.13
1,5,90,2,bound,single_stable_state,2098,2167,70,70,70,0,0,0,70,0,0,70,0.7000000000000001
1,5,91,0,diffusion,single_stable_state,2111,2121,11,11,9,2,9,2,0,9,0,0,0.11
1,5,92,0,diffusion,single_stable_state,2124,2134,11,11,9,2,9,2,0,9,0,0,0.11
1,5,93,2,bound,single_stable_state,2162,2171,10,10,9,1,0,1,9,0,0,9,0.1
1,5,94,2,bound,single_stable_state,2169,2279,111,111,111,0,0,0,111,0,0,111,1.11
1,5,97,0,diffusion,single_stable_state,2226,2240,15,15,13,2,13,2,0,13,0,0,0.15
1,5,100,2,bound,single_stable_state,2271,2335,65,65,65,0,0,0,65,0,0,65,0.65
1,5,101,2,bound,single_stable_state,2447,2481,35,35,34,1,0,1,34,0,0,34,0.35000000000000003
1,5,106,2,bound,single_stable_state,2781,2796,16,16,16,0,0,0,16,0,0,16,0.16
2,1,1,1,constrained_diffusion,single_stable_state,32,47,16,16,16,0,0,16,0,0,16,0,0.16
2,1,2,1,constrained_diffusion,single_stable_state,35,50,16,16,16,0,0,16,0,0,16,0,0.16
2,1,4,1,constrained_diffusion,single_stable_state,50,59,10,10,10,0,0,10,0,0,10,0,0.1
2,1,12,2,bound,single_stable_state,223,282,60,60,59,1,0,1,59,0,0,59,0.6
2,1,13,2,bound,single_stable_state,232,295,64,64,63,1,0,1,63,0,0,63,0.64
2,1,17,2,bound,single_stable_state,275,325,51,51,51,0,0,0,51,0,0,51,0.51
2,1,18,2,bound,single_stable_state,314,330,17,17,14,3,0,3,14,0,0,14,0.17
2,1,21,1,constrained_diffusion,single_stable_state,386,410,25,25,25,0,0,25,0,0,25,0,0.25
2,1,40,2,bound,single_stable_state,643,665,23,23,23,0,0,0,23,0,0,23,0.23
2,1,50,1,constrained_diffusion,single_stable_state,736,745,10,10,10,0,0,10,0,0,10,0,0.1
2,1,51,2,bound,single_stable_state,747,826,80,80,80,0,0,0,80,0,0,80,0.8
2,1,58,1,constrained_diffusion,single_stable_state,883,900,18,18,18,0,0,18,0,0,18,0,0.18
2,1,62,1,constrained_diffusion,single_stable_state,909,927,19,19,19,0,0,19,0,0,19,0,0.19
2,1,65,2,bound,single_stable_state,931,941,11,11,10,1,0,1,10,0,0,10,0.11
2,1,66,1,constrained_diffusion,single_stable_state,943,953,11,11,11,0,0,11,0,0,11,0,0.11
2,1,67,2,bound,single_stable_state,956,965,10,10,8,2,0,2,8,0,0,8,0.1
2,1,69,1,constrained_diffusion,single_stable_state,975,987,13,13,13,0,0,13,0,0,13,0,0.13
2,1,71,2,bound,single_stable_state,1021,1053,33,33,32,1,0,1,32,0,0,32,0.33
2,1,73,2,bound,single_stable_state,1111,1176,66,66,64,2,0,2,64,0,0,64,0.66
2,1,82,0,diffusion,single_stable_state,1319,1330,12,12,10,2,10,2,0,10,0,0,0.12
2,1,85,1,constrained_diffusion,single_stable_state,1348,1358,11,11,11,0,0,11,0,0,11,0,0.11
2,1,89,1,constrained_diffusion,single_stable_state,1384,1413,30,30,30,0,0,30,0,0,30,0,0.3
2,1,90,0,diffusion,single_stable_state,1401,1418,18,18,14,4,14,4,0,14,0,0,0.18
2,1,98,0,diffusion,single_stable_state,1550,1559,10,10,8,2,8,2,0,8,0,0,0.1
2,1,106,1,constrained_diffusion,single_stable_state,1682,1694,13,13,13,0,0,13,0,0,13,0,0.13
2,1,110,0,diffusion,single_stable_state,1793,1804,12,12,11,1,11,1,0,11,0,0,0.12
2,1,118,1,constrained_diffusion,single_stable_state,2138,2178,41,41,41,0,0,41,0,0,41,0,0.41000000000000003
2,1,119,2,bound,single_stable_state,2191,2202,12,12,11,1,0,1,11,0,0,11,0.12
2,1,125,1,constrained_diffusion,single_stable_state,2439,2448,10,10,10,0,0,10,0,0,10,0,0.1
2,1,126,2,bound,single_stable_state,2442,2451,10,10,9,1,0,1,9,0,0,9,0.1
2,1,127,2,bound,single_stable_state,2445,2470,26,26,25,1,0,1,25,0,0,25,0.26
2,1,130,1,constrained_diffusion,single_stable_state,2533,2544,12,12,12,0,0,12,0,0,12,0,0.12
2,1,132,0,diffusion,single_stable_state,2618,2628,11,11,10,1,10,1,0,10,0,0,0.11
2,1,134,2,bound,single_stable_state,2688,2703,16,16,16,0,0,0,16,0,0,16,0.16
2,1,135,1,constrained_diffusion,single_stable_state,2692,2705,14,14,14,0,0,14,0,0,14,0,0.14
2,1,139,2,bound,single_stable_state,2729,2741,13,13,11,2,0,2,11,0,0,11,0.13
2,1,144,1,constrained_diffusion,single_stable_state,2790,2800,11,11,11,0,0,11,0,0,11,0,0.11
2,1,155,1,constrained_diffusion,single_stable_state,2925,2939,15,15,15,0,0,15,0,0,15,0,0.15
2,2,3,2,bound,single_stable_state,4,39,36,36,36,0,0,0,36,0,0,36,0.36
2,2,9,1,constrained_diffusion,single_stable_state,34,44,11,11,11,0,0,11,0,0,11,0,0.11
2,2,12,2,bound,single_stable_state,65,77,13,13,12,1,0,1,12,0,0,12,0.13
2,2,13,1,constrained_diffusion,single_stable_state,65,95,31,31,31,0,0,31,0,0,31,0,0.31
2,2,14,1,constrained_diffusion,single_stable_state,67,76,10,10,10,0,0,10,0,0,10,0,0.1
2,2,15,2,bound,single_stable_state,79,145,67,67,65,2,0,2,65,0,0,65,0.67
2,2,16,1,constrained_diffusion,single_stable_state,95,108,14,14,14,0,0,14,0,0,14,0,0.14
2,2,20,1,constrained_diffusion,single_stable_state,129,142,14,14,14,0,0,14,0,0,14,0,0.14
2,2,33,2,bound,single_stable_state,328,382,55,55,54,1,0,1,54,0,0,54,0.55
2,2,42,0,diffusion,single_stable_state,491,500,10,10,10,0,10,0,0,10,0,0,0.1
2,2,45,2,bound,single_stable_state,652,667,16,16,14,2,0,2,14,0,0,14,0.16
2,2,47,1,constrained_diffusion,single_stable_state,682,696,15,15,15,0,0,15,0,0,15,0,0.15
2,2,51,1,constrained_diffusion,single_stable_state,744,754,11,11,11,0,0,11,0,0,11,0,0.11
2,2,52,0,diffusion,single_stable_state,754,765,12,12,10,2,10,2,0,10,0,0,0.12
2,2,55,1,constrained_diffusion,single_stable_state,802,826,25,25,25,0,0,25,0,0,25,0,0.25
2,2,62,2,bound,single_stable_state,897,918,22,22,21,1,0,1,21,0,0,21,0.22
2,2,63,2,bound,single_stable_state,931,1024,94,94,93,1,0,1,93,0,0,93,0.9400000000000001
2,2,65,0,diffusion,single_stable_state,1011,1027,17,17,15,2,15,2,0,15,0,0,0.17
2,2,72,2,bound,single_stable_state,1078,1101,24,24,24,0,0,0,24,0,0,24,0.24
2,2,76,2,bound,single_stable_state,1136,1155,20,20,19,1,0,1,19,0,0,19,0.2
2,2,88,1,constrained_diffusion,single_stable_state,1552,1569,18,18,18,0,0,18,0,0,18,0,0.18
2,2,96,2,bound,single_stable_state,2112,2123,12,12,9,3,0,3,9,0,0,9,0.12
2,2,97,2,bound,single_stable_state,2120,2223,104,104,100,4,0,4,100,0,0,100,1.04
2,2,98,2,bound,single_stable_state,2164,2195,32,32,32,0,0,0,32,0,0,32,0.32
2,2,99,2,bound,single_stable_state,2228,2247,20,20,20,0,0,0,20,0,0,20,0.2
2,2,101,2,bound,single_stable_state,2249,2263,15,15,14,1,0,1,14,0,0,14,0.15
2,2,102,2,bound,single_stable_state,2265,2278,14,14,14,0,0,0,14,0,0,14,0.14
2,2,115,2,bound,single_stable_state,2475,2484,10,10,8,2,0,2,8,0,0,8,0.1
2,2,116,2,bound,single_stable_state,2486,2498,13,13,13,0,0,0,13,0,0,13,0.13
2,2,123,2,bound,single_stable_state,2934,2944,11,11,11,0,0,0,11,0,0,11,0.11
2,2,124,2,bound,single_stable_state,2946,2999,54,54,53,1,0,1,53,0,0,53,0.54
2,3,2,0,diffusion,single_stable_state,0,14,15,15,13,2,13,2,0,13,0,0,0.15
2,3,8,1,constrained_diffusion,single_stable_state,26,52,27,27,27,0,0,27,0,0,27,0,0.27
2,3,10,2,bound,single_stable_state,64,75,12,12,11,1,0,1,11,0,0,11,0.12
2,3,19,0,diffusion,single_stable_state,539,549,11,11,11,0,11,0,0,11,0,0,0.11
2,3,20,1,constrained_diffusion,single_stable_state,540,551,12,12,12,0,0,12,0,0,12,0,0.12
2,3,28,1,constrained_diffusion,single_stable_state,670,682,13,13,13,0,0,13,0,0,13,0,0.13
2,3,30,2,bound,single_stable_state,712,721,10,10,8,2,0,2,8,0,0,8,0.1
2,3,37,2,bound,single_stable_state,990,1040,51,51,51,0,0,0,51,0,0,51,0.51
2,3,38,0,diffusion,single_stable_state,1017,1026,10,10,10,0,10,0,0,10,0,0,0.1
2,3,39,2,bound,single_stable_state,1112,1137,26,26,25,1,0,1,25,0,0,25,0.26
2,3,42,2,bound,single_stable_state,1433,1498,66,66,66,0,0,0,66,0,0,66,0.66
2,3,46,0,diffusion,single_stable_state,1513,1523,11,11,8,3,8,3,0,8,0,0,0.11
2,3,54,2,bound,single_stable_state,1630,1644,15,15,15,0,0,0,15,0,0,15,0.15
2,3,61,0,diffusion,single_stable_state,1828,1840,13,13,13,0,13,0,0,13,0,0,0.13
2,3,67,0,diffusion,single_stable_state,1948,1964,17,17,14,3,14,3,0,14,0,0,0.17
2,3,72,2,bound,single_stable_state,2354,2390,37,37,37,0,0,0,37,0,0,37,0.37
2,3,79,0,diffusion,single_stable_state,2930,2944,15,15,13,2,13,2,0,13,0,0,0.15
2,3,80,1,constrained_diffusion,single_stable_state,2937,2947,11,11,11,0,0,11,0,0,11,0,0.11
2,3,81,0,diffusion,single_stable_state,2944,2957,14,14,14,0,14,0,0,14,0,0,0.14
2,3,82,0,diffusion,single_stable_state,2990,2999,10,10,9,1,9,1,0,9,0,0,0.1
2,4,3,0,diffusion,single_stable_state,0,13,14,14,14,0,14,0,0,14,0,0,0.14
2,4,4,2,bound,single_stable_state,0,13,14,14,11,3,0,3,11,0,0,11,0.14
2,4,5,2,bound,single_stable_state,0,11,12,12,10,2,0,2,10,0,0,10,0.12
2,4,7,0,diffusion,single_stable_state,0,13,14,14,14,0,14,0,0,14,0,0,0.14
2,4,11,0,diffusion,single_stable_state,11,22,12,12,12,0,12,0,0,12,0,0,0.12
2,4,13,1,constrained_diffusion,single_stable_state,20,30,11,11,11,0,0,11,0,0,11,0,0.11
2,4,16,0,diffusion,single_stable_state,41,51,11,11,10,1,10,1,0,10,0,0,0.11
2,4,18,2,bound,single_stable_state,59,70,12,12,10,2,0,2,10,0,0,10,0.12
2,4,27,0,diffusion,single_stable_state,190,204,15,15,15,0,15,0,0,15,0,0,0.15
2,4,32,2,bound,single_stable_state,307,321,15,15,11,4,0,4,11,0,0,11,0.15
2,4,38,2,bound,single_stable_state,439,458,20,20,19,1,0,1,19,0,0,19,0.2
2,4,39,0,diffusion,single_stable_state,476,485,10,10,8,2,8,2,0,8,0,0,0.1
2,4,47,1,constrained_diffusion,single_stable_state,532,541,10,10,10,0,0,10,0,0,10,0,0.1
2,4,48,2,bound,single_stable_state,538,548,11,11,10,1,0,1,10,0,0,10,0.11
2,4,49,2,bound,single_stable_state,542,699,158,158,157,1,0,1,157,0,0,157,1.58
2,4,53,0,diffusion,single_stable_state,560,574,15,15,10,5,10,5,0,10,0,0,0.15
2,4,61,0,diffusion,single_stable_state,707,721,15,15,15,0,15,0,0,15,0,0,0.15
2,4,62,2,bound,single_stable_state,709,747,39,39,38,1,0,1,38,0,0,38,0.39
2,4,64,0,diffusion,single_stable_state,725,741,17,17,17,0,17,0,0,17,0,0,0.17
2,4,67,2,bound,single_stable_state,749,778,30,30,28,2,0,2,28,0,0,28,0.3
2,4,71,1,constrained_diffusion,single_stable_state,814,827,14,14,14,0,0,14,0,0,14,0,0.14
2,4,78,1,constrained_diffusion,single_stable_state,861,871,11,11,11,0,0,11,0,0,11,0,0.11
2,4,83,2,bound,single_stable_state,917,967,51,51,49,2,0,2,49,0,0,49,0.51
2,4,84,2,bound,single_stable_state,939,953,15,15,13,2,0,2,13,0,0,13,0.15
2,4,89,2,bound,single_stable_state,981,998,18,18,18,0,0,0,18,0,0,18,0.18
2,4,100,0,diffusion,single_stable_state,1108,1150,43,43,37,6,37,6,0,37,0,0,0.43
2,4,101,1,constrained_diffusion,single_stable_state,1116,1125,10,10,10,0,0,10,0,0,10,0,0.1
2,4,104,2,bound,single_stable_state,1209,1280,72,72,71,1,0,1,71,0,0,71,0.72
2,4,106,1,constrained_diffusion,single_stable_state,1253,1266,14,14,14,0,0,14,0,0,14,0,0.14
2,4,110,2,bound,single_stable_state,1316,1335,20,20,18,2,0,2,18,0,0,18,0.2
2,4,111,1,constrained_diffusion,single_stable_state,1327,1339,13,13,13,0,0,13,0,0,13,0,0.13
2,4,116,2,bound,single_stable_state,1386,1431,46,46,44,2,0,2,44,0,0,44,0.46
2,4,120,0,diffusion,single_stable_state,1489,1502,14,14,12,2,12,2,0,12,0,0,0.14
2,4,123,0,diffusion,single_stable_state,1593,1602,10,10,10,0,10,0,0,10,0,0,0.1
2,4,129,1,constrained_diffusion,single_stable_state,1721,1733,13,13,13,0,0,13,0,0,13,0,0.13
2,4,134,1,constrained_diffusion,single_stable_state,2094,2104,11,11,11,0,0,11,0,0,11,0,0.11
2,4,142,0,diffusion,single_stable_state,2380,2394,15,15,14,1,14,1,0,14,0,0,0.15
2,4,143,0,diffusion,single_stable_state,2396,2407,12,12,10,2,10,2,0,10,0,0,0.12
2,4,147,0,diffusion,single_stable_state,2446,2460,15,15,15,0,15,0,0,15,0,0,0.15
2,4,150,2,bound,single_stable_state,2553,2567,15,15,13,2,0,2,13,0,0,13,0.15
2,4,160,2,bound,single_stable_state,2790,2801,12,12,12,0,0,0,12,0,0,12,0.12
2,4,168,1,constrained_diffusion,single_stable_state,2881,2890,10,10,10,0,0,10,0,0,10,0,0.1
2,4,169,1,constrained_diffusion,single_stable_state,2892,2904,13,13,13,0,0,13,0,0,13,0,0.13
3,1,4,1,constrained_diffusion,single_stable_state,6,15,10,10,10,0,0,10,0,0,10,0,0.1
3,1,5,1,constrained_diffusion,single_stable_state,3,12,10,10,10,0,0,10,0,0,10,0,0.1
3,1,7,1,constrained_diffusion,single_stable_state,14,30,17,17,17,0,0,17,0,0,17,0,0.17
3,1,8,0,diffusion,single_stable_state,20,33,14,14,13,1,13,1,0,13,0,0,0.14
3,1,9,0,diffusion,single_stable_state,20,38,19,19,14,5,14,5,0,14,0,0,0.19
3,1,19,2,bound,single_stable_state,65,83,19,19,18,1,0,1,18,0,0,18,0.19
3,1,22,2,bound,single_stable_state,85,119,35,35,33,2,0,2,33,0,0,33,0.35000000000000003
3,1,26,0,diffusion,single_stable_state,95,104,10,10,8,2,8,2,0,8,0,0,0.1
3,1,29,2,bound,single_stable_state,127,137,11,11,10,1,0,1,10,0,0,10,0.11
3,1,31,2,bound,single_stable_state,135,171,37,37,36,1,0,1,36,0,0,36,0.37
3,1,36,0,diffusion,single_stable_state,172,188,17,17,17,0,17,0,0,17,0,0,0.17
3,1,38,0,diffusion,single_stable_state,189,199,11,11,10,1,10,1,0,10,0,0,0.11
3,1,43,2,bound,single_stable_state,213,270,58,58,56,2,0,2,56,0,0,56,0.58
3,1,44,1,constrained_diffusion,single_stable_state,217,235,19,19,19,0,0,19,0,0,19,0,0.19
3,1,50,2,bound,single_stable_state,300,322,23,23,22,1,0,1,22,0,0,22,0.23
3,1,55,0,diffusion,single_stable_state,331,341,11,11,10,1,10,1,0,10,0,0,0.11
3,1,63,2,bound,single_stable_state,364,392,29,29,27,2,0,2,27,0,0,27,0.29
3,1,72,1,constrained_diffusion,single_stable_state,436,455,20,20,20,0,0,20,0,0,20,0,0.2
3,1,73,1,constrained_diffusion,single_stable_state,443,456,14,14,14,0,0,14,0,0,14,0,0.14
3,1,75,1,constrained_diffusion,single_stable_state,457,468,12,12,12,0,0,12,0,0,12,0,0.12
3,1,81,2,bound,single_stable_state,489,613,125,125,125,0,0,0,125,0,0,125,1.25
3,1,87,1,constrained_diffusion,single_stable_state,525,543,19,19,19,0,0,19,0,0,19,0,0.19
3,1,91,1,constrained_diffusion,single_stable_state,543,565,23,23,23,0,0,23,0,0,23,0,0.23
3,1,96,1,constrained_diffusion,single_stable_state,563,578,16,16,16,0,0,16,0,0,16,0,0.16
3,1,97,2,bound,single_stable_state,563,628,66,66,66,0,0,0,66,0,0,66,0.66
3,1,100,1,constrained_diffusion,single_stable_state,582,599,18,18,18,0,0,18,0,0,18,0,0.18
3,1,103,1,constrained_diffusion,single_stable_state,643,652,10,10,10,0,0,10,0,0,10,0,0.1
3,1,106,2,bound,single_stable_state,669,713,45,45,44,1,0,1,44,0,0,44,0.45
3,1,111,2,bound,single_stable_state,770,780,11,11,10,1,0,1,10,0,0,10,0.11
3,1,116,2,bound,single_stable_state,788,820,33,33,33,0,0,0,33,0,0,33,0.33
3,1,126,0,diffusion,single_stable_state,916,932,17,17,15,2,15,2,0,15,0,0,0.17
3,1,128,0,diffusion,single_stable_state,983,994,12,12,10,2,10,2,0,10,0,0,0.12
3,1,135,2,bound,single_stable_state,1048,1057,10,10,10,0,0,0,10,0,0,10,0.1
3,1,139,2,bound,single_stable_state,1085,1157,73,73,73,0,0,0,73,0,0,73,0.73
3,1,140,2,bound,single_stable_state,1087,1169,83,83,82,1,0,1,82,0,0,82,0.8300000000000001
3,1,141,2,bound,single_stable_state,1091,1113,23,23,23,0,0,0,23,0,0,23,0.23
3,1,142,1,constrained_diffusion,single_stable_state,1095,1106,12,12,12,0,0,12,0,0,12,0,0.12
3,1,145,1,constrained_diffusion,single_stable_state,1116,1141,26,26,26,0,0,26,0,0,26,0,0.26
3,1,148,1,constrained_diffusion,single_stable_state,1125,1152,28,28,28,0,0,28,0,0,28,0,0.28
3,1,151,2,bound,single_stable_state,1170,1179,10,10,8,2,0,2,8,0,0,8,0.1
3,1,169,1,constrained_diffusion,single_stable_state,1430,1444,15,15,15,0,0,15,0,0,15,0,0.15
3,1,170,2,bound,single_stable_state,1432,1446,15,15,14,1,0,1,14,0,0,14,0.15
3,1,173,1,constrained_diffusion,single_stable_state,1494,1509,16,16,16,0,0,16,0,0,16,0,0.16
3,1,181,2,bound,single_stable_state,1568,1597,30,30,29,1,0,1,29,0,0,29,0.3
3,1,182,1,constrained_diffusion,single_stable_state,1576,1593,18,18,18,0,0,18,0,0,18,0,0.18
3,1,185,1,constrained_diffusion,single_stable_state,1605,1616,12,12,12,0,0,12,0,0,12,0,0.12
3,1,187,2,bound,single_stable_state,1710,1757,48,48,48,0,0,0,48,0,0,48,0.48
3,1,188,1,constrained_diffusion,single_stable_state,1745,1760,16,16,16,0,0,16,0,0,16,0,0.16
3,1,189,2,bound,single_stable_state,1759,1874,116,116,116,0,0,0,116,0,0,116,1.16
3,1,191,1,constrained_diffusion,single_stable_state,1854,1864,11,11,11,0,0,11,0,0,11,0,0.11
3,1,193,2,bound,single_stable_state,1872,1882,11,11,8,3,0,3,8,0,0,8,0.11
3,1,194,2,bound,single_stable_state,1876,1924,49,49,49,0,0,0,49,0,0,49,0.49
3,1,197,2,bound,single_stable_state,1979,1988,10,10,10,0,0,0,10,0,0,10,0.1
3,1,200,2,bound,single_stable_state,1997,2009,13,13,13,0,0,0,13,0,0,13,0.13
3,1,202,1,constrained_diffusion,single_stable_state,2014,2023,10,10,10,0,0,10,0,0,10,0,0.1
3,1,203,2,bound,single_stable_state,2041,2053,13,13,12,1,0,1,12,0,0,12,0.13
3,1,209,2,bound,single_stable_state,2152,2169,18,18,17,1,0,1,17,0,0,17,0.18
3,1,216,2,bound,single_stable_state,2198,2256,59,59,57,2,0,2,57,0,0,57,0.59
3,1,227,0,diffusion,single_stable_state,2290,2299,10,10,10,0,10,0,0,10,0,0,0.1
3,1,229,2,bound,single_stable_state,2305,2316,12,12,9,3,0,3,9,0,0,9,0.12
3,1,230,2,bound,single_stable_state,2320,2376,57,57,56,1,0,1,56,0,0,56,0.5700000000000001
3,1,237,2,bound,single_stable_state,2378,2460,83,83,82,1,0,1,82,0,0,82,0.8300000000000001
3,1,238,2,bound,single_stable_state,2380,2390,11,11,8,3,0,3,8,0,0,8,0.11
3,1,240,2,bound,single_stable_state,2416,2425,10,10,7,3,0,3,7,0,0,7,0.1
3,1,241,2,bound,single_stable_state,2426,2487,62,62,61,1,0,1,61,0,0,61,0.62
3,1,243,2,bound,single_stable_state,2596,2622,27,27,25,2,0,2,25,0,0,25,0.27
3,1,245,1,constrained_diffusion,single_stable_state,2614,2624,11,11,11,0,0,11,0,0,11,0,0.11
3,1,246,1,constrained_diffusion,single_stable_state,2669,2682,14,14,14,0,0,14,0,0,14,0,0.14
3,1,249,2,bound,single_stable_state,2753,2771,19,19,18,1,0,1,18,0,0,18,0.19
3,1,256,0,diffusion,single_stable_state,2814,2824,11,11,11,0,11,0,0,11,0,0,0.11
3,1,263,0,diffusion,single_stable_state,2974,2983,10,10,10,0,10,0,0,10,0,0,0.1
3,2,4,1,constrained_diffusion,single_stable_state,0,33,34,34,34,0,0,34,0,0,34,0,0.34
3,2,6,0,diffusion,single_stable_state,8,17,10,10,10,0,10,0,0,10,0,0,0.1
3,2,8,1,constrained_diffusion,single_stable_state,15,38,24,24,24,0,0,24,0,0,24,0,0.24
3,2,10,0,diffusion,single_stable_state,23,53,31,31,27,4,27,4,0,27,0,0,0.31
3,2,17,1,constrained_diffusion,single_stable_state,57,67,11,11,11,0,0,11,0,0,11,0,0.11
3,2,21,2,bound,single_stable_state,85,94,10,10,10,0,0,0,10,0,0,10,0.1
3,2,54,1,constrained_diffusion,single_stable_state,373,384,12,12,12,0,0,12,0,0,12,0,0.12
3,2,59,1,constrained_diffusion,single_stable_state,487,496,10,10,10,0,0,10,0,0,10,0,0.1
3,2,63,0,diffusion,single_stable_state,495,505,11,11,9,2,9,2,0,9,0,0,0.11
3,2,73,0,diffusion,single_stable_state,658,669,12,12,12,0,12,0,0,12,0,0,0.12
3,2,74,1,constrained_diffusion,single_stable_state,663,673,11,11,11,0,0,11,0,0,11,0,0.11
3,2,79,2,bound,single_stable_state,719,728,10,10,10,0,0,0,10,0,0,10,0.1
3,2,81,2,bound,single_stable_state,748,757,10,10,8,2,0,2,8,0,0,8,0.1
3,2,82,1,constrained_diffusion,single_stable_state,758,774,17,17,17,0,0,17,0,0,17,0,0.17
3,2,84,0,diffusion,single_stable_state,772,781,10,10,10,0,10,0,0,10,0,0,0.1
3,2,86,1,constrained_diffusion,single_stable_state,776,802,27,27,27,0,0,27,0,0,27,0,0.27
3,2,91,1,constrained_diffusion,single_stable_state,803,815,13,13,13,0,0,13,0,0,13,0,0.13
3,2,93,0,diffusion,single_stable_state,813,826,14,14,11,3,11,3,0,11,0,0,0.14
3,2,94,1,constrained_diffusion,single_stable_state,814,830,17,17,17,0,0,17,0,0,17,0,0.17
3,2,99,2,bound,single_stable_state,902,928,27,27,27,0,0,0,27,0,0,27,0.27
3,2,101,1,constrained_diffusion,single_stable_state,951,970,20,20,20,0,0,20,0,0,20,0,0.2
3,2,109,1,constrained_diffusion,single_stable_state,1059,1084,26,26,26,0,0,26,0,0,26,0,0.26
3,2,126,1,constrained_diffusion,single_stable_state,1325,1336,12,12,12,0,0,12,0,0,12,0,0.12
3,2,128,1,constrained_diffusion,single_stable_state,1360,1374,15,15,15,0,0,15,0,0,15,0,0.15
3,2,129,2,bound,single_stable_state,1360,1402,43,43,43,0,0,0,43,0,0,43,0.43
3,2,130,0,diffusion,single_stable_state,1402,1416,15,15,14,1,14,1,0,14,0,0,0.15
3,2,144,1,constrained_diffusion,single_stable_state,1954,1963,10,10,10,0,0,10,0,0,10,0,0.1
3,2,152,1,constrained_diffusion,single_stable_state,2100,2120,21,21,21,0,0,21,0,0,21,0,0.21
3,2,154,1,constrained_diffusion,single_stable_state,2133,2143,11,11,11,0,0,11,0,0,11,0,0.11
3,2,158,1,constrained_diffusion,single_stable_state,2178,2188,11,11,11,0,0,11,0,0,11,0,0.11
3,2,163,1,constrained_diffusion,single_stable_state,2218,2241,24,24,24,0,0,24,0,0,24,0,0.24
3,2,167,2,bound,single_stable_state,2302,2316,15,15,11,4,0,4,11,0,0,11,0.15
3,2,173,1,constrained_diffusion,single_stable_state,2481,2499,19,19,19,0,0,19,0,0,19,0,0.19
3,2,174,1,constrained_diffusion,single_stable_state,2506,2518,13,13,13,0,0,13,0,0,13,0,0.13
3,2,177,1,constrained_diffusion,single_stable_state,2543,2553,11,11,11,0,0,11,0,0,11,0,0.11
3,2,179,1,constrained_diffusion,single_stable_state,2555,2572,18,18,18,0,0,18,0,0,18,0,0.18
3,2,186,0,diffusion,single_stable_state,2672,2690,19,19,19,0,19,0,0,19,0,0,0.19
3,2,189,0,diffusion,single_stable_state,2710,2726,17,17,17,0,17,0,0,17,0,0,0.17
3,2,192,2,bound,single_stable_state,2853,2900,48,48,47,1,0,1,47,0,0,47,0.48
3,3,1,2,bound,single_stable_state,0,63,64,64,63,1,0,1,63,0,0,63,0.64
3,3,10,0,diffusion,single_stable_state,43,54,12,12,12,0,12,0,0,12,0,0,0.12
3,3,17,0,diffusion,single_stable_state,88,102,15,15,14,1,14,1,0,14,0,0,0.15
3,3,28,0,diffusion,single_stable_state,198,207,10,10,9,1,9,1,0,9,0,0,0.1
3,3,31,2,bound,single_stable_state,247,311,65,65,65,0,0,0,65,0,0,65,0.65
3,3,35,2,bound,single_stable_state,281,358,78,78,78,0,0,0,78,0,0,78,0.78
3,3,44,2,bound,single_stable_state,395,409,15,15,15,0,0,0,15,0,0,15,0.15
3,3,50,2,bound,single_stable_state,442,460,19,19,18,1,0,1,18,0,0,18,0.19
3,3,51,2,bound,single_stable_state,447,462,16,16,15,1,0,1,15,0,0,15,0.16
3,3,53,1,constrained_diffusion,single_stable_state,453,470,18,18,18,0,0,18,0,0,18,0,0.18
3,3,55,2,bound,single_stable_state,459,503,45,45,44,1,0,1,44,0,0,44,0.45
3,3,58,1,constrained_diffusion,single_stable_state,472,482,11,11,11,0,0,11,0,0,11,0,0.11
3,3,60,2,bound,single_stable_state,491,568,78,78,78,0,0,0,78,0,0,78,0.78
3,3,61,2,bound,single_stable_state,515,524,10,10,9,1,0,1,9,0,0,9,0.1
3,3,62,0,diffusion,single_stable_state,519,529,11,11,11,0,11,0,0,11,0,0,0.11
3,3,64,2,bound,single_stable_state,528,546,19,19,18,1,0,1,18,0,0,18,0.19
3,3,78,2,bound,single_stable_state,648,813,166,166,163,3,0,3,163,0,0,163,1.6600000000000001
3,3,92,1,constrained_diffusion,single_stable_state,897,908,12,12,12,0,0,12,0,0,12,0,0.12
3,3,99,1,constrained_diffusion,single_stable_state,1365,1374,10,10,10,0,0,10,0,0,10,0,0.1
3,3,103,0,diffusion,single_stable_state,1482,1499,18,18,17,1,17,1,0,17,0,0,0.18
3,3,108,1,constrained_diffusion,single_stable_state,1588,1599,12,12,12,0,0,12,0,0,12,0,0.12
3,3,114,1,constrained_diffusion,single_stable_state,1722,1732,11,11,11,0,0,11,0,0,11,0,0.11
3,3,121,0,diffusion,single_stable_state,1829,1839,11,11,11,0,11,0,0,11,0,0,0.11
3,3,130,2,bound,single_stable_state,2133,2214,82,82,81,1,0,1,81,0,0,81,0.8200000000000001
3,3,138,2,bound,single_stable_state,2328,2406,79,79,78,1,0,1,78,0,0,78,0.79
3,3,140,2,bound,single_stable_state,2388,2399,12,12,12,0,0,0,12,0,0,12,0.12
3,3,146,2,bound,single_stable_state,2525,2534,10,10,9,1,0,1,9,0,0,9,0.1
3,3,153,2,bound,single_stable_state,2674,2691,18,18,16,2,0,2,16,0,0,16,0.18
3,3,154,2,bound,single_stable_state,2684,2700,17,17,14,3,0,3,14,0,0,14,0.17
3,3,155,0,diffusion,single_stable_state,2739,2750,12,12,12,0,12,0,0,12,0,0,0.12
3,3,160,2,bound,single_stable_state,2825,2843,19,19,19,0,0,0,19,0,0,19,0.19
3,3,162,0,diffusion,single_stable_state,2889,2910,22,22,22,0,22,0,0,22,0,0,0.22
3,3,166,1,constrained_diffusion,single_stable_state,2961,2978,18,18,18,0,0,18,0,0,18,0,0.18
3,3,168,1,constrained_diffusion,single_stable_state,2971,2982,12,12,12,0,0,12,0,0,12,0,0.12
3,3,170,1,constrained_diffusion,single_stable_state,2989,2999,11,11,11,0,0,11,0,0,11,0,0.11
3,4,3,0,diffusion,single_stable_state,18,28,11,11,11,0,11,0,0,11,0,0,0.11
3,4,12,1,constrained_diffusion,single_stable_state,138,152,15,15,15,0,0,15,0,0,15,0,0.15
3,4,15,2,bound,single_stable_state,155,234,80,80,80,0,0,0,80,0,0,80,0.8
3,4,20,1,constrained_diffusion,single_stable_state,197,210,14,14,14,0,0,14,0,0,14,0,0.14
3,4,21,1,constrained_diffusion,single_stable_state,212,226,15,15,15,0,0,15,0,0,15,0,0.15
3,4,26,2,bound,single_stable_state,288,312,25,25,24,1,0,1,24,0,0,24,0.25
3,4,31,2,bound,single_stable_state,348,366,19,19,17,2,0,2,17,0,0,17,0.19
3,4,36,2,bound,single_stable_state,944,954,11,11,10,1,0,1,10,0,0,10,0.11
3,4,39,1,constrained_diffusion,single_stable_state,1082,1095,14,14,14,0,0,14,0,0,14,0,0.14
3,4,50,2,bound,single_stable_state,1400,1616,217,217,216,1,0,1,216,0,0,216,2.17
3,4,51,2,bound,single_stable_state,1457,1520,64,64,62,2,0,2,62,0,0,62,0.64
3,4,62,1,constrained_diffusion,single_stable_state,2731,2748,18,18,18,0,0,18,0,0,18,0,0.18
3,5,2,1,constrained_diffusion,single_stable_state,0,12,13,13,13,0,0,13,0,0,13,0,0.13
3,5,5,0,diffusion,single_stable_state,13,23,11,11,11,0,11,0,0,11,0,0,0.11
3,5,9,2,bound,single_stable_state,24,48,25,25,24,1,0,1,24,0,0,24,0.25
3,5,14,1,constrained_diffusion,single_stable_state,41,61,21,21,21,0,0,21,0,0,21,0,0.21
3,5,16,0,diffusion,single_stable_state,47,64,18,18,15,3,15,3,0,15,0,0,0.18
3,5,21,2,bound,single_stable_state,63,78,16,16,16,0,0,0,16,0,0,16,0.16
3,5,27,1,constrained_diffusion,single_stable_state,76,103,28,28,28,0,0,28,0,0,28,0,0.28
3,5,35,1,constrained_diffusion,single_stable_state,105,116,12,12,12,0,0,12,0,0,12,0,0.12
3,5,37,1,constrained_diffusion,single_stable_state,113,123,11,11,11,0,0,11,0,0,11,0,0.11
3,5,41,2,bound,single_stable_state,157,189,33,33,32,1,0,1,32,0,0,32,0.33
3,5,49,0,diffusion,single_stable_state,200,213,14,14,14,0,14,0,0,14,0,0,0.14
3,5,50,0,diffusion,single_stable_state,198,208,11,11,9,2,9,2,0,9,0,0,0.11
3,5,52,0,diffusion,single_stable_state,215,227,13,13,11,2,11,2,0,11,0,0,0.13
3,5,60,2,bound,single_stable_state,264,292,29,29,29,0,0,0,29,0,0,29,0.29
3,5,61,1,constrained_diffusion,single_stable_state,274,290,17,17,17,0,0,17,0,0,17,0,0.17
3,5,66,1,constrained_diffusion,single_stable_state,288,300,13,13,13,0,0,13,0,0,13,0,0.13
3,5,75,2,bound,single_stable_state,346,359,14,14,13,1,0,1,13,0,0,13,0.14
3,5,85,1,constrained_diffusion,single_stable_state,417,428,12,12,12,0,0,12,0,0,12,0,0.12
3,5,86,2,bound,single_stable_state,429,461,33,33,32,1,0,1,32,0,0,32,0.33
3,5,90,1,constrained_diffusion,single_stable_state,463,478,16,16,16,0,0,16,0,0,16,0,0.16
3,5,91,2,bound,single_stable_state,473,574,102,102,100,2,0,2,100,0,0,100,1.02
3,5,92,0,diffusion,single_stable_state,499,508,10,10,10,0,10,0,0,10,0,0,0.1
3,5,94,2,bound,single_stable_state,513,528,16,16,15,1,0,1,15,0,0,15,0.16
3,5,97,0,diffusion,single_stable_state,548,562,15,15,13,2,13,2,0,13,0,0,0.15
3,5,99,2,bound,single_stable_state,566,633,68,68,67,1,0,1,67,0,0,67,0.68
3,5,100,0,diffusion,single_stable_state,577,591,15,15,15,0,15,0,0,15,0,0,0.15
3,5,101,1,constrained_diffusion,single_stable_state,588,606,19,19,19,0,0,19,0,0,19,0,0.19
3,5,102,0,diffusion,single_stable_state,625,635,11,11,11,0,11,0,0,11,0,0,0.11
3,5,108,1,constrained_diffusion,single_stable_state,684,695,12,12,12,0,0,12,0,0,12,0,0.12
3,5,125,1,constrained_diffusion,single_stable_state,790,810,21,21,21,0,0,21,0,0,21,0,0.21
3,5,128,1,constrained_diffusion,single_stable_state,841,854,14,14,14,0,0,14,0,0,14,0,0.14
3,5,131,0,diffusion,single_stable_state,862,874,13,13,12,1,12,1,0,12,0,0,0.13
3,5,137,1,constrained_diffusion,single_stable_state,898,913,16,16,16,0,0,16,0,0,16,0,0.16
3,5,148,1,constrained_diffusion,single_stable_state,988,998,11,11,11,0,0,11,0,0,11,0,0.11
3,5,150,1,constrained_diffusion,single_stable_state,1009,1018,10,10,10,0,0,10,0,0,10,0,0.1
3,5,152,2,bound,single_stable_state,1025,1102,78,78,78,0,0,0,78,0,0,78,0.78
3,5,159,0,diffusion,single_stable_state,1112,1121,10,10,9,1,9,1,0,9,0,0,0.1
3,5,161,2,bound,single_stable_state,1130,1141,12,12,10,2,0,2,10,0,0,10,0.12
3,5,163,1,constrained_diffusion,single_stable_state,1166,1182,17,17,17,0,0,17,0,0,17,0,0.17
3,5,174,2,bound,single_stable_state,1237,1249,13,13,13,0,0,0,13,0,0,13,0.13
3,5,178,2,bound,single_stable_state,1320,1382,63,63,60,3,0,3,60,0,0,60,0.63
3,5,181,0,diffusion,single_stable_state,1392,1404,13,13,9,4,9,4,0,9,0,0,0.13
3,5,188,2,bound,single_stable_state,1634,1652,19,19,16,3,0,3,16,0,0,16,0.19
3,5,199,0,diffusion,single_stable_state,1900,1911,12,12,10,2,10,2,0,10,0,0,0.12
3,5,200,1,constrained_diffusion,single_stable_state,1925,1935,11,11,11,0,0,11,0,0,11,0,0.11
3,5,201,2,bound,single_stable_state,1927,1966,40,40,39,1,0,1,39,0,0,39,0.4
3,5,205,1,constrained_diffusion,single_stable_state,2009,2025,17,17,17,0,0,17,0,0,17,0,0.17
3,5,218,2,bound,single_stable_state,2501,2614,114,114,114,0,0,0,114,0,0,114,1.1400000000000001
3,5,231,2,bound,single_stable_state,2660,2690,31,31,28,3,0,3,28,0,0,28,0.31
3,5,232,2,bound,single_stable_state,2678,2688,11,11,10,1,0,1,10,0,0,10,0.11
3,5,233,0,diffusion,single_stable_state,2686,2695,10,10,9,1,9,1,0,9,0,0,0.1
3,5,234,2,bound,single_stable_state,2692,2721,30,30,30,0,0,0,30,0,0,30,0.3
3,5,245,2,bound,single_stable_state,2849,2912,64,64,64,0,0,0,64,0,0,64,0.64
3,5,246,1,constrained_diffusion,single_stable_state,2858,2872,15,15,15,0,0,15,0,0,15,0,0.15
3,5,249,2,bound,single_stable_state,2874,2887,14,14,12,2,0,2,12,0,0,12,0.14
3,5,254,0,diffusion,single_stable_state,2909,2921,13,13,11,2,11,2,0,11,0,0,0.13
3,5,258,0,diffusion,single_stable_state,2928,2938,11,11,11,0,11,0,0,11,0,0,0.11
3,5,263,1,constrained_diffusion,single_stable_state,2946,2955,10,10,10,0,0,10,0,0,10,0,0.1
3,5,266,1,constrained_diffusion,single_stable_state,2963,2973,11,11,11,0,0,11,0,0,11,0,0.11
3,5,267,2,bound,single_stable_state,2983,2999,17,17,17,0,0,0,17,0,0,17,0.17
3,6,2,2,bound,single_stable_state,0,10,11,11,11,0,0,0,11,0,0,11,0.11
3,6,10,2,bound,single_stable_state,29,56,28,28,27,1,0,1,27,0,0,27,0.28
3,6,12,0,diffusion,single_stable_state,54,68,15,15,15,0,15,0,0,15,0,0,0.15
3,6,23,0,diffusion,single_stable_state,116,128,13,13,11,2,11,2,0,11,0,0,0.13
3,6,38,0,diffusion,single_stable_state,307,317,11,11,9,2,9,2,0,9,0,0,0.11
3,6,45,1,constrained_diffusion,single_stable_state,439,449,11,11,11,0,0,11,0,0,11,0,0.11
3,6,46,1,constrained_diffusion,single_stable_state,444,460,17,17,17,0,0,17,0,0,17,0,0.17
3,6,49,1,constrained_diffusion,single_stable_state,451,461,11,11,11,0,0,11,0,0,11,0,0.11
3,6,52,1,constrained_diffusion,single_stable_state,463,479,17,17,17,0,0,17,0,0,17,0,0.17
3,6,60,2,bound,single_stable_state,597,613,17,17,15,2,0,2,15,0,0,15,0.17
3,6,62,0,diffusion,single_stable_state,693,702,10,10,7,3,7,3,0,7,0,0,0.1
3,6,64,2,bound,single_stable_state,709,747,39,39,39,0,0,0,39,0,0,39,0.39
3,6,67,1,constrained_diffusion,single_stable_state,803,836,34,34,34,0,0,34,0,0,34,0,0.34
3,6,69,1,constrained_diffusion,single_stable_state,899,912,14,14,14,0,0,14,0,0,14,0,0.14
3,6,79,1,constrained_diffusion,single_stable_state,1059,1069,11,11,11,0,0,11,0,0,11,0,0.11
3,6,88,1,constrained_diffusion,single_stable_state,1224,1233,10,10,10,0,0,10,0,0,10,0,0.1
3,6,93,2,bound,single_stable_state,1278,1298,21,21,21,0,0,0,21,0,0,21,0.21
3,6,97,2,bound,single_stable_state,1301,1311,11,11,10,1,0,1,10,0,0,10,0.11
3,6,99,1,constrained_diffusion,single_stable_state,1318,1330,13,13,13,0,0,13,0,0,13,0,0.13
3,6,102,1,constrained_diffusion,single_stable_state,1360,1370,11,11,11,0,0,11,0,0,11,0,0.11
3,6,104,0,diffusion,single_stable_state,1371,1383,13,13,13,0,13,0,0,13,0,0,0.13
3,6,112,2,bound,single_stable_state,1523,1557,35,35,35,0,0,0,35,0,0,35,0.35000000000000003
3,6,115,2,bound,single_stable_state,1576,1590,15,15,15,0,0,0,15,0,0,15,0.15
3,6,117,1,constrained_diffusion,single_stable_state,1629,1638,10,10,10,0,0,10,0,0,10,0,0.1
3,6,120,1,constrained_diffusion,single_stable_state,1655,1667,13,13,13,0,0,13,0,0,13,0,0.13
3,6,129,2,bound,single_stable_state,1797,2084,288,288,288,0,0,0,288,0,0,288,2.88
3,6,136,1,constrained_diffusion,single_stable_state,1958,1967,10,10,10,0,0,10,0,0,10,0,0.1
3,6,137,1,constrained_diffusion,single_stable_state,1960,1973,14,14,14,0,0,14,0,0,14,0,0.14
3,6,141,1,constrained_diffusion,single_stable_state,2055,2066,12,12,12,0,0,12,0,0,12,0,0.12
3,6,145,2,bound,single_stable_state,2086,2275,190,190,190,0,0,0,190,0,0,190,1.9000000000000001
3,6,149,1,constrained_diffusion,single_stable_state,2146,2158,13,13,13,0,0,13,0,0,13,0,0.13
3,6,150,2,bound,single_stable_state,2161,2174,14,14,10,4,0,4,10,0,0,10,0.14
3,6,153,0,diffusion,single_stable_state,2201,2211,11,11,9,2,9,2,0,9,0,0,0.11
3,6,162,2,bound,single_stable_state,2333,2358,26,26,25,1,0,1,25,0,0,25,0.26
3,6,168,2,bound,single_stable_state,2369,2381,13,13,12,1,0,1,12,0,0,12,0.13
3,6,172,0,diffusion,single_stable_state,2463,2474,12,12,11,1,11,1,0,11,0,0,0.12
3,6,174,2,bound,single_stable_state,2538,2548,11,11,10,1,0,1,10,0,0,10,0.11
3,6,176,1,constrained_diffusion,single_stable_state,2565,2574,10,10,10,0,0,10,0,0,10,0,0.1
3,6,182,2,bound,single_stable_state,2925,2936,12,12,10,2,0,2,10,0,0,10,0.12
4,1,2,2,bound,single_stable_state,0,55,56,56,56,0,0,0,56,0,0,56,0.56
4,1,8,1,constrained_diffusion,single_stable_state,6,17,12,12,12,0,0,12,0,0,12,0,0.12
4,1,9,1,constrained_diffusion,single_stable_state,11,27,17,17,17,0,0,17,0,0,17,0,0.17
4,1,12,1,constrained_diffusion,single_stable_state,32,42,11,11,11,0,0,11,0,0,11,0,0.11
4,1,15,1,constrained_diffusion,single_stable_state,47,68,22,22,22,0,0,22,0,0,22,0,0.22
4,1,17,1,constrained_diffusion,single_stable_state,67,77,11,11,11,0,0,11,0,0,11,0,0.11
4,1,18,0,diffusion,single_stable_state,102,111,10,10,8,2,8,2,0,8,0,0,0.1
4,1,34,1,constrained_diffusion,single_stable_state,450,461,12,12,12,0,0,12,0,0,12,0,0.12
4,1,35,2,bound,single_stable_state,505,588,84,84,83,1,0,1,83,0,0,83,0.84
4,1,39,1,constrained_diffusion,single_stable_state,660,671,12,12,12,0,0,12,0,0,12,0,0.12
4,1,44,0,diffusion,single_stable_state,855,864,10,10,10,0,10,0,0,10,0,0,0.1
4,1,46,2,bound,single_stable_state,863,951,89,89,89,0,0,0,89,0,0,89,0.89
4,1,49,1,constrained_diffusion,single_stable_state,917,933,17,17,17,0,0,17,0,0,17,0,0.17
4,1,56,2,bound,single_stable_state,1325,1380,56,56,56,0,0,0,56,0,0,56,0.56
4,1,57,2,bound,single_stable_state,1367,1379,13,13,10,3,0,3,10,0,0,10,0.13
4,1,62,1,constrained_diffusion,single_stable_state,1509,1524,16,16,16,0,0,16,0,0,16,0,0.16
4,1,65,2,bound,single_stable_state,1607,1672,66,66,66,0,0,0,66,0,0,66,0.66
4,1,68,2,bound,single_stable_state,1773,1833,61,61,59,2,0,2,59,0,0,59,0.61
4,1,69,2,bound,single_stable_state,1796,1810,15,15,13,2,0,2,13,0,0,13,0.15
4,1,71,2,bound,single_stable_state,1976,1988,13,13,11,2,0,2,11,0,0,11,0.13
4,1,78,1,constrained_diffusion,single_stable_state,2250,2261,12,12,12,0,0,12,0,0,12,0,0.12
4,1,79,1,constrained_diffusion,single_stable_state,2263,2272,10,10,10,0,0,10,0,0,10,0,0.1
4,1,85,1,constrained_diffusion,single_stable_state,2352,2364,13,13,13,0,0,13,0,0,13,0,0.13
4,1,88,1,constrained_diffusion,single_stable_state,2402,2413,12,12,12,0,0,12,0,0,12,0,0.12
4,1,91,2,bound,single_stable_state,2762,2788,27,27,27,0,0,0,27,0,0,27,0.27
4,1,98,1,constrained_diffusion,single_stable_state,3204,3217,14,14,14,0,0,14,0,0,14,0,0.14
4,1,100,0,diffusion,single_stable_state,3511,3520,10,10,10,0,10,0,0,10,0,0,0.1
4,1,101,0,diffusion,single_stable_state,3524,3538,15,15,14,1,14,1,0,14,0,0,0.15
4,1,105,2,bound,single_stable_state,3688,3705,18,18,16,2,0,2,16,0,0,16,0.18
4,1,107,0,diffusion,single_stable_state,3785,3796,12,12,11,1,11,1,0,11,0,0,0.12
4,2,1,2,bound,single_stable_state,0,13,14,14,11,3,0,3,11,0,0,11,0.14
4,2,2,1,constrained_diffusion,single_stable_state,0,10,11,11,11,0,0,11,0,0,11,0,0.11
4,2,6,0,diffusion,single_stable_state,53,67,15,15,14,1,14,1,0,14,0,0,0.15
4,2,8,2,bound,single_stable_state,85,102,18,18,16,2,0,2,16,0,0,16,0.18
4,2,16,1,constrained_diffusion,single_stable_state,169,182,14,14,14,0,0,14,0,0,14,0,0.14
4,2,17,1,constrained_diffusion,single_stable_state,184,193,10,10,10,0,0,10,0,0,10,0,0.1
4,2,19,1,constrained_diffusion,single_stable_state,204,217,14,14,14,0,0,14,0,0,14,0,0.14
4,2,22,1,constrained_diffusion,single_stable_state,258,270,13,13,13,0,0,13,0,0,13,0,0.13
4,2,24,2,bound,single_stable_state,278,298,21,21,18,3,0,3,18,0,0,18,0.21
4,2,28,2,bound,single_stable_state,321,332,12,12,10,2,0,2,10,0,0,10,0.12
4,2,38,2,bound,single_stable_state,562,579,18,18,18,0,0,0,18,0,0,18,0.18
4,2,41,0,diffusion,single_stable_state,658,672,15,15,13,2,13,2,0,13,0,0,0.15
4,2,46,1,constrained_diffusion,single_stable_state,837,850,14,14,14,0,0,14,0,0,14,0,0.14
4,2,50,0,diffusion,single_stable_state,859,870,12,12,12,0,12,0,0,12,0,0,0.12
4,2,57,0,diffusion,single_stable_state,905,916,12,12,12,0,12,0,0,12,0,0,0.12
4,2,60,2,bound,single_stable_state,972,1058,87,87,87,0,0,0,87,0,0,87,0.87
4,2,63,0,diffusion,single_stable_state,1076,1085,10,10,10,0,10,0,0,10,0,0,0.1
4,2,72,1,constrained_diffusion,single_stable_state,1283,1296,14,14,14,0,0,14,0,0,14,0,0.14
4,2,73,1,constrained_diffusion,single_stable_state,1298,1319,22,22,22,0,0,22,0,0,22,0,0.22
4,2,76,0,diffusion,single_stable_state,1373,1392,20,20,18,2,18,2,0,18,0,0,0.2
4,2,79,0,diffusion,single_stable_state,1394,1406,13,13,13,0,13,0,0,13,0,0,0.13
4,2,82,1,constrained_diffusion,single_stable_state,1438,1448,11,11,11,0,0,11,0,0,11,0,0.11
4,2,87,2,bound,single_stable_state,1467,1510,44,44,43,1,0,1,43,0,0,43,0.44
4,2,95,0,diffusion,single_stable_state,1637,1659,23,23,20,3,20,3,0,20,0,0,0.23
4,2,98,1,constrained_diffusion,single_stable_state,1746,1758,13,13,13,0,0,13,0,0,13,0,0.13
4,2,101,2,bound,single_stable_state,1795,1884,90,90,90,0,0,0,90,0,0,90,0.9
4,2,104,2,bound,single_stable_state,1889,1952,64,64,63,1,0,1,63,0,0,63,0.64
4,2,105,0,diffusion,single_stable_state,1915,1925,11,11,11,0,11,0,0,11,0,0,0.11
4,2,107,2,bound,single_stable_state,2025,2049,25,25,23,2,0,2,23,0,0,23,0.25
4,2,108,0,diffusion,single_stable_state,2106,2122,17,17,16,1,16,1,0,16,0,0,0.17
4,2,110,2,bound,single_stable_state,2354,2389,36,36,34,2,0,2,34,0,0,34,0.36
4,2,113,2,bound,single_stable_state,2410,2467,58,58,57,1,0,1,57,0,0,57,0.58
4,2,115,2,bound,single_stable_state,2439,2452,14,14,14,0,0,0,14,0,0,14,0.14
4,2,123,1,constrained_diffusion,single_stable_state,2676,2687,12,12,12,0,0,12,0,0,12,0,0.12
4,2,128,1,constrained_diffusion,single_stable_state,2730,2742,13,13,13,0,0,13,0,0,13,0,0.13
4,2,132,1,constrained_diffusion,single_stable_state,2765,2774,10,10,10,0,0,10,0,0,10,0,0.1
4,2,133,2,bound,single_stable_state,2768,2785,18,18,16,2,0,2,16,0,0,16,0.18
4,2,134,1,constrained_diffusion,single_stable_state,2775,2784,10,10,10,0,0,10,0,0,10,0,0.1
4,2,155,1,constrained_diffusion,single_stable_state,3784,3799,16,16,16,0,0,16,0,0,16,0,0.16
4,3,12,2,bound,single_stable_state,186,200,15,15,14,1,0,1,14,0,0,14,0.15
4,3,13,2,bound,single_stable_state,202,213,12,12,11,1,0,1,11,0,0,11,0.12
4,3,26,1,constrained_diffusion,single_stable_state,667,686,20,20,20,0,0,20,0,0,20,0,0.2
4,3,29,1,constrained_diffusion,single_stable_state,678,690,13,13,13,0,0,13,0,0,13,0,0.13
4,3,39,1,constrained_diffusion,single_stable_state,777,788,12,12,12,0,0,12,0,0,12,0,0.12
4,3,53,1,constrained_diffusion,single_stable_state,1399,1413,15,15,15,0,0,15,0,0,15,0,0.15
4,3,63,2,bound,single_stable_state,1819,1838,20,20,19,1,0,1,19,0,0,19,0.2
4,3,64,1,constrained_diffusion,single_stable_state,1845,1854,10,10,10,0,0,10,0,0,10,0,0.1
4,3,67,0,diffusion,single_stable_state,1999,2009,11,11,11,0,11,0,0,11,0,0,0.11
4,3,74,1,constrained_diffusion,single_stable_state,2601,2612,12,12,12,0,0,12,0,0,12,0,0.12
4,3,92,0,diffusion,single_stable_state,3807,3821,15,15,14,1,14,1,0,14,0,0,0.15
4,3,94,0,diffusion,single_stable_state,3891,3904,14,14,13,1,13,1,0,13,0,0,0.14
4,4,9,2,bound,single_stable_state,18,30,13,13,11,2,0,2,11,0,0,11,0.13
4,4,14,1,constrained_diffusion,single_stable_state,36,46,11,11,11,0,0,11,0,0,11,0,0.11
4,4,18,2,bound,single_stable_state,44,123,80,80,79,1,0,1,79,0,0,79,0.8
4,4,22,2,bound,single_stable_state,91,101,11,11,11,0,0,0,11,0,0,11,0.11
4,4,31,2,bound,single_stable_state,332,359,28,28,27,1,0,1,27,0,0,27,0.28
4,4,36,1,constrained_diffusion,single_stable_state,366,382,17,17,17,0,0,17,0,0,17,0,0.17
4,4,38,1,constrained_diffusion,single_stable_state,420,431,12,12,12,0,0,12,0,0,12,0,0.12
4,4,41,1,constrained_diffusion,single_stable_state,431,463,33,33,33,0,0,33,0,0,33,0,0.33
4,4,42,1,constrained_diffusion,single_stable_state,465,478,14,14,14,0,0,14,0,0,14,0,0.14
4,4,49,1,constrained_diffusion,single_stable_state,703,721,19,19,19,0,0,19,0,0,19,0,0.19
4,4,52,2,bound,single_stable_state,769,788,20,20,19,1,0,1,19,0,0,19,0.2
4,4,53,2,bound,single_stable_state,774,783,10,10,9,1,0,1,9,0,0,9,0.1
4,4,59,0,diffusion,single_stable_state,974,984,11,11,10,1,10,1,0,10,0,0,0.11
4,4,62,2,bound,single_stable_state,1076,1096,21,21,20,1,0,1,20,0,0,20,0.21
4,4,64,2,bound,single_stable_state,1122,1134,13,13,13,0,0,0,13,0,0,13,0.13
4,4,65,2,bound,single_stable_state,1123,1146,24,24,24,0,0,0,24,0,0,24,0.24
4,4,67,2,bound,single_stable_state,1263,1272,10,10,10,0,0,0,10,0,0,10,0.1
4,4,68,2,bound,single_stable_state,1330,1356,27,27,26,1,0,1,26,0,0,26,0.27
4,4,72,1,constrained_diffusion,single_stable_state,1560,1569,10,10,10,0,0,10,0,0,10,0,0.1
4,4,78,0,diffusion,single_stable_state,1712,1725,14,14,14,0,14,0,0,14,0,0,0.14
4,4,81,1,constrained_diffusion,single_stable_state,1751,1764,14,14,14,0,0,14,0,0,14,0,0.14
4,4,83,1,constrained_diffusion,single_stable_state,1813,1832,20,20,20,0,0,20,0,0,20,0,0.2
4,4,87,2,bound,single_stable_state,1855,1890,36,36,35,1,0,1,35,0,0,35,0.36
4,4,89,1,constrained_diffusion,single_stable_state,1878,1891,14,14,14,0,0,14,0,0,14,0,0.14
4,4,91,2,bound,single_stable_state,1995,2005,11,11,10,1,0,1,10,0,0,10,0.11
4,4,96,2,bound,single_stable_state,2039,2072,34,34,34,0,0,0,34,0,0,34,0.34
4,4,98,2,bound,single_stable_state,2075,2140,66,66,66,0,0,0,66,0,0,66,0.66
4,4,112,2,bound,single_stable_state,2446,2498,53,53,52,1,0,1,52,0,0,52,0.53
4,4,113,2,bound,single_stable_state,2531,2578,48,48,44,4,0,4,44,0,0,44,0.48
4,4,117,1,constrained_diffusion,single_stable_state,2810,2825,16,16,16,0,0,16,0,0,16,0,0.16
4,4,129,1,constrained_diffusion,single_stable_state,3619,3631,13,13,13,0,0,13,0,0,13,0,0.13
4,4,137,2,bound,single_stable_state,3986,3999,14,14,14,0,0,0,14,0,0,14,0.14
4,5,1,2,bound,single_stable_state,0,18,19,19,19,0,0,0,19,0,0,19,0.19
4,5,2,1,constrained_diffusion,single_stable_state,61,72,12,12,12,0,0,12,0,0,12,0,0.12
4,5,5,0,diffusion,single_stable_state,205,217,13,13,11,2,11,2,0,11,0,0,0.13
4,5,12,2,bound,single_stable_state,259,292,34,34,34,0,0,0,34,0,0,34,0.34
4,5,21,2,bound,single_stable_state,437,536,100,100,100,0,0,0,100,0,0,100,1.0
4,5,24,1,constrained_diffusion,single_stable_state,446,455,10,10,10,0,0,10,0,0,10,0,0.1
4,5,35,0,diffusion,single_stable_state,567,588,22,22,21,1,21,1,0,21,0,0,0.22
4,5,36,1,constrained_diffusion,single_stable_state,569,594,26,26,26,0,0,26,0,0,26,0,0.26
4,5,39,0,diffusion,single_stable_state,590,601,12,12,12,0,12,0,0,12,0,0,0.12
4,5,41,0,diffusion,single_stable_state,621,638,18,18,14,4,14,4,0,14,0,0,0.18
4,5,43,1,constrained_diffusion,single_stable_state,799,813,15,15,15,0,0,15,0,0,15,0,0.15
4,5,50,2,bound,single_stable_state,973,982,10,10,10,0,0,0,10,0,0,10,0.1
4,5,51,0,diffusion,single_stable_state,1034,1048,15,15,13,2,13,2,0,13,0,0,0.15
4,5,52,2,bound,single_stable_state,1146,1220,75,75,75,0,0,0,75,0,0,75,0.75
4,5,55,1,constrained_diffusion,single_stable_state,1193,1202,10,10,10,0,0,10,0,0,10,0,0.1
4,5,64,0,diffusion,single_stable_state,1369,1378,10,10,8,2,8,2,0,8,0,0,0.1
4,5,69,1,constrained_diffusion,single_stable_state,1465,1478,14,14,14,0,0,14,0,0,14,0,0.14
4,5,71,1,constrained_diffusion,single_stable_state,1540,1550,11,11,11,0,0,11,0,0,11,0,0.11
4,5,79,0,diffusion,single_stable_state,1663,1673,11,11,8,3,8,3,0,8,0,0,0.11
4,5,84,1,constrained_diffusion,single_stable_state,1693,1715,23,23,23,0,0,23,0,0,23,0,0.23
4,5,86,1,constrained_diffusion,single_stable_state,1720,1730,11,11,11,0,0,11,0,0,11,0,0.11
4,5,96,1,constrained_diffusion,single_stable_state,1986,2000,15,15,15,0,0,15,0,0,15,0,0.15
4,5,98,2,bound,single_stable_state,2058,2070,13,13,13,0,0,0,13,0,0,13,0.13
4,5,101,2,bound,single_stable_state,2618,2630,13,13,13,0,0,0,13,0,0,13,0.13
4,5,105,0,diffusion,single_stable_state,2955,2965,11,11,11,0,11,0,0,11,0,0,0.11
4,5,109,1,constrained_diffusion,single_stable_state,3302,3312,11,11,11,0,0,11,0,0,11,0,0.11
4,5,110,2,bound,single_stable_state,3528,3596,69,69,67,2,0,2,67,0,0,67,0.6900000000000001
4,5,112,1,constrained_diffusion,single_stable_state,3607,3616,10,10,10,0,0,10,0,0,10,0,0.1
4,5,117,1,constrained_diffusion,single_stable_state,3778,3813,36,36,36,0,0,36,0,0,36,0,0.36
4,6,5,0,diffusion,single_stable_state,26,37,12,12,12,0,12,0,0,12,0,0,0.12
4,6,16,2,bound,single_stable_state,261,273,13,13,9,4,0,4,9,0,0,9,0.13
4,6,21,0,diffusion,single_stable_state,330,340,11,11,9,2,9,2,0,9,0,0,0.11
4,6,23,1,constrained_diffusion,single_stable_state,366,375,10,10,10,0,0,10,0,0,10,0,0.1
4,6,30,2,bound,single_stable_state,491,522,32,32,32,0,0,0,32,0,0,32,0.32
4,6,35,1,constrained_diffusion,single_stable_state,631,646,16,16,16,0,0,16,0,0,16,0,0.16
4,6,36,0,diffusion,single_stable_state,819,837,19,19,17,2,17,2,0,17,0,0,0.19
4,6,40,0,diffusion,single_stable_state,866,890,25,25,24,1,24,1,0,24,0,0,0.25
4,6,61,2,bound,single_stable_state,1732,1950,219,219,218,1,0,1,218,0,0,218,2.19
4,6,64,0,diffusion,single_stable_state,1967,1976,10,10,9,1,9,1,0,9,0,0,0.1
4,6,66,2,bound,single_stable_state,1985,2030,46,46,46,0,0,0,46,0,0,46,0.46
4,6,69,1,constrained_diffusion,single_stable_state,2229,2253,25,25,25,0,0,25,0,0,25,0,0.25
4,6,76,0,diffusion,single_stable_state,2501,2515,15,15,15,0,15,0,0,15,0,0,0.15
4,6,78,1,constrained_diffusion,single_stable_state,2522,2534,13,13,13,0,0,13,0,0,13,0,0.13
4,6,87,2,bound,single_stable_state,2915,2932,18,18,17,1,0,1,17,0,0,17,0.18
4,6,102,2,bound,single_stable_state,3508,3625,118,118,118,0,0,0,118,0,0,118,1.18
4,6,104,1,constrained_diffusion,single_stable_state,3571,3583,13,13,13,0,0,13,0,0,13,0,0.13
4,6,106,2,bound,single_stable_state,3580,3722,143,143,143,0,0,0,143,0,0,143,1.43
4,6,109,2,bound,single_stable_state,3638,3679,42,42,42,0,0,0,42,0,0,42,0.42
4,6,110,2,bound,single_stable_state,3661,3831,171,171,168,3,0,3,168,0,0,168,1.71
4,6,111,2,bound,single_stable_state,3681,3717,37,37,34,3,0,3,34,0,0,34,0.37
4,6,112,2,bound,single_stable_state,3721,3771,51,51,51,0,0,0,51,0,0,51,0.51
4,6,117,2,bound,single_stable_state,3786,3832,47,47,45,2,0,2,45,0,0,45,0.47000000000000003
4,6,118,2,bound,single_stable_state,3810,3840,31,31,29,2,0,2,29,0,0,29,0.31
4,6,119,2,bound,single_stable_state,3834,3848,15,15,15,0,0,0,15,0,0,15,0.15
5,1,10,1,constrained_diffusion,single_stable_state,42,52,11,11,11,0,0,11,0,0,11,0,0.11
5,1,21,0,diffusion,single_stable_state,198,207,10,10,7,3,7,3,0,7,0,0,0.1
5,1,22,2,bound,single_stable_state,199,208,10,10,9,1,0,1,9,0,0,9,0.1
5,1,24,2,bound,single_stable_state,222,245,24,24,24,0,0,0,24,0,0,24,0.24
5,1,25,2,bound,single_stable_state,242,260,19,19,19,0,0,0,19,0,0,19,0.19
5,1,35,2,bound,single_stable_state,508,530,23,23,23,0,0,0,23,0,0,23,0.23
5,1,36,2,bound,single_stable_state,518,534,17,17,15,2,0,2,15,0,0,15,0.17
5,1,40,2,bound,single_stable_state,558,597,40,40,40,0,0,0,40,0,0,40,0.4
5,1,45,2,bound,single_stable_state,623,755,133,133,133,0,0,0,133,0,0,133,1.33
5,1,46,0,diffusion,single_stable_state,704,726,23,23,19,4,19,4,0,19,0,0,0.23
5,1,48,0,diffusion,single_stable_state,751,765,15,15,13,2,13,2,0,13,0,0,0.15
5,1,50,0,diffusion,single_stable_state,902,911,10,10,10,0,10,0,0,10,0,0,0.1
5,1,51,2,bound,single_stable_state,907,932,26,26,25,1,0,1,25,0,0,25,0.26
5,1,52,2,bound,single_stable_state,934,953,20,20,20,0,0,0,20,0,0,20,0.2
5,1,57,0,diffusion,single_stable_state,1123,1132,10,10,8,2,8,2,0,8,0,0,0.1
5,1,61,1,constrained_diffusion,single_stable_state,1146,1183,38,38,38,0,0,38,0,0,38,0,0.38
5,1,66,2,bound,single_stable_state,1226,1289,64,64,63,1,0,1,63,0,0,63,0.64
5,1,69,2,bound,single_stable_state,1281,1306,26,26,26,0,0,0,26,0,0,26,0.26
5,1,74,2,bound,single_stable_state,1433,1485,53,53,52,1,0,1,52,0,0,52,0.53
5,1,75,2,bound,single_stable_state,1473,1517,45,45,43,2,0,2,43,0,0,43,0.45
5,1,77,2,bound,single_stable_state,1519,1561,43,43,41,2,0,2,41,0,0,41,0.43
5,1,80,1,constrained_diffusion,single_stable_state,1554,1564,11,11,11,0,0,11,0,0,11,0,0.11
5,1,82,2,bound,single_stable_state,1618,1633,16,16,16,0,0,0,16,0,0,16,0.16
5,1,85,2,bound,single_stable_state,1714,1798,85,85,85,0,0,0,85,0,0,85,0.85
5,1,88,0,diffusion,single_stable_state,1782,1797,16,16,15,1,15,1,0,15,0,0,0.16
5,1,92,2,bound,single_stable_state,1850,1941,92,92,91,1,0,1,91,0,0,91,0.92
5,1,95,2,bound,single_stable_state,1904,1998,95,95,95,0,0,0,95,0,0,95,0.9500000000000001
5,1,96,2,bound,single_stable_state,1913,1930,18,18,18,0,0,0,18,0,0,18,0.18
5,1,99,1,constrained_diffusion,single_stable_state,1980,2017,38,38,38,0,0,38,0,0,38,0,0.38
5,1,109,1,constrained_diffusion,single_stable_state,2157,2167,11,11,11,0,0,11,0,0,11,0,0.11
5,1,110,1,constrained_diffusion,single_stable_state,2203,2214,12,12,12,0,0,12,0,0,12,0,0.12
5,1,112,2,bound,single_stable_state,2245,2336,92,92,91,1,0,1,91,0,0,91,0.92
5,1,123,2,bound,single_stable_state,2666,2701,36,36,35,1,0,1,35,0,0,35,0.36
5,1,132,2,bound,single_stable_state,3248,3295,48,48,48,0,0,0,48,0,0,48,0.48
5,1,134,0,diffusion,single_stable_state,3346,3369,24,24,18,6,18,6,0,18,0,0,0.24
5,1,136,0,diffusion,single_stable_state,3368,3388,21,21,18,3,18,3,0,18,0,0,0.21
5,1,137,2,bound,single_stable_state,3369,3432,64,64,64,0,0,0,64,0,0,64,0.64
5,1,139,2,bound,single_stable_state,3462,3510,49,49,48,1,0,1,48,0,0,48,0.49
5,1,140,0,diffusion,single_stable_state,3467,3476,10,10,10,0,10,0,0,10,0,0,0.1
5,1,143,0,diffusion,single_stable_state,3501,3511,11,11,9,2,9,2,0,9,0,0,0.11
5,1,144,2,bound,single_stable_state,3501,3655,155,155,155,0,0,0,155,0,0,155,1.55
5,1,146,2,bound,single_stable_state,3514,3719,206,206,204,2,0,2,204,0,0,204,2.06
5,1,148,1,constrained_diffusion,single_stable_state,3556,3570,15,15,15,0,0,15,0,0,15,0,0.15
5,1,150,2,bound,single_stable_state,3688,3760,73,73,73,0,0,0,73,0,0,73,0.73
5,2,1,2,bound,single_stable_state,0,19,20,20,20,0,0,0,20,0,0,20,0.2
5,2,2,2,bound,single_stable_state,0,30,31,31,29,2,0,2,29,0,0,29,0.31
5,2,4,1,constrained_diffusion,single_stable_state,3,15,13,13,13,0,0,13,0,0,13,0,0.13
5,2,9,0,diffusion,single_stable_state,91,101,11,11,11,0,11,0,0,11,0,0,0.11
5,2,14,0,diffusion,single_stable_state,130,162,33,33,32,1,32,1,0,32,0,0,0.33
5,2,16,2,bound,single_stable_state,136,155,20,20,19,1,0,1,19,0,0,19,0.2
5,2,18,0,diffusion,single_stable_state,157,167,11,11,10,1,10,1,0,10,0,0,0.11
5,2,25,2,bound,single_stable_state,273,285,13,13,13,0,0,0,13,0,0,13,0.13
5,2,26,2,bound,single_stable_state,286,357,72,72,72,0,0,0,72,0,0,72,0.72
5,2,27,1,constrained_diffusion,single_stable_state,288,300,13,13,13,0,0,13,0,0,13,0,0.13
5,2,28,0,diffusion,single_stable_state,391,400,10,10,10,0,10,0,0,10,0,0,0.1
5,2,31,2,bound,single_stable_state,453,472,20,20,18,2,0,2,18,0,0,18,0.2
5,2,49,0,diffusion,single_stable_state,660,672,13,13,9,4,9,4,0,9,0,0,0.13
5,2,54,1,constrained_diffusion,single_stable_state,848,865,18,18,18,0,0,18,0,0,18,0,0.18
5,2,63,1,constrained_diffusion,single_stable_state,1027,1040,14,14,14,0,0,14,0,0,14,0,0.14
5,2,78,0,diffusion,single_stable_state,1168,1179,12,12,12,0,12,0,0,12,0,0,0.12
5,2,79,0,diffusion,single_stable_state,1181,1194,14,14,12,2,12,2,0,12,0,0,0.14
5,2,88,2,bound,single_stable_state,1322,1353,32,32,32,0,0,0,32,0,0,32,0.32
5,2,96,0,diffusion,single_stable_state,1391,1400,10,10,10,0,10,0,0,10,0,0,0.1
5,2,97,0,diffusion,single_stable_state,1391,1401,11,11,11,0,11,0,0,11,0,0,0.11
5,2,99,2,bound,single_stable_state,1404,1415,12,12,9,3,0,3,9,0,0,9,0.12
5,2,109,2,bound,single_stable_state,1553,1657,105,105,104,1,0,1,104,0,0,104,1.05
5,2,111,2,bound,single_stable_state,1599,1618,20,20,18,2,0,2,18,0,0,18,0.2
5,2,114,1,constrained_diffusion,single_stable_state,1640,1649,10,10,10,0,0,10,0,0,10,0,0.1
5,2,118,1,constrained_diffusion,single_stable_state,1711,1721,11,11,11,0,0,11,0,0,11,0,0.11
5,2,132,2,bound,single_stable_state,1954,1980,27,27,26,1,0,1,26,0,0,26,0.27
5,2,135,2,bound,single_stable_state,2084,2110,27,27,27,0,0,0,27,0,0,27,0.27
5,2,137,2,bound,single_stable_state,2170,2181,12,12,11,1,0,1,11,0,0,11,0.12
5,2,139,0,diffusion,single_stable_state,2261,2280,20,20,20,0,20,0,0,20,0,0,0.2
5,2,150,0,diffusion,single_stable_state,2672,2689,18,18,18,0,18,0,0,18,0,0,0.18
5,2,151,1,constrained_diffusion,single_stable_state,2699,2708,10,10,10,0,0,10,0,0,10,0,0.1
5,2,154,2,bound,single_stable_state,2731,2745,15,15,13,2,0,2,13,0,0,13,0.15
5,2,156,0,diffusion,single_stable_state,2766,2780,15,15,15,0,15,0,0,15,0,0,0.15
5,2,159,1,constrained_diffusion,single_stable_state,2802,2821,20,20,20,0,0,20,0,0,20,0,0.2
5,2,161,1,constrained_diffusion,single_stable_state,2841,2851,11,11,11,0,0,11,0,0,11,0,0.11
5,2,164,2,bound,single_stable_state,2869,2897,29,29,28,1,0,1,28,0,0,28,0.29
5,2,170,1,constrained_diffusion,single_stable_state,2907,2918,12,12,12,0,0,12,0,0,12,0,0.12
5,2,180,2,bound,single_stable_state,3067,3122,56,56,56,0,0,0,56,0,0,56,0.56
5,2,181,2,bound,single_stable_state,3113,3132,20,20,18,2,0,2,18,0,0,18,0.2
5,2,182,2,bound,single_stable_state,3184,3206,23,23,21,2,0,2,21,0,0,21,0.23
5,2,194,2,bound,single_stable_state,3413,3562,150,150,150,0,0,0,150,0,0,150,1.5
5,2,203,2,bound,single_stable_state,3518,3542,25,25,25,0,0,0,25,0,0,25,0.25
5,2,206,1,constrained_diffusion,single_stable_state,3638,3663,26,26,26,0,0,26,0,0,26,0,0.26
5,2,208,2,bound,single_stable_state,3682,3701,20,20,19,1,0,1,19,0,0,19,0.2
5,2,214,1,constrained_diffusion,single_stable_state,3852,3872,21,21,21,0,0,21,0,0,21,0,0.21
5,2,218,2,bound,single_stable_state,3910,3965,56,56,54,2,0,2,54,0,0,54,0.56
5,2,219,2,bound,single_stable_state,3975,3999,25,25,24,1,0,1,24,0,0,24,0.25
5,3,1,1,constrained_diffusion,single_stable_state,0,15,16,16,16,0,0,16,0,0,16,0,0.16
5,3,4,2,bound,single_stable_state,0,62,63,63,62,1,0,1,62,0,0,62,0.63
5,3,9,0,diffusion,single_stable_state,22,31,10,10,10,0,10,0,0,10,0,0,0.1
5,3,17,2,bound,single_stable_state,115,174,60,60,57,3,0,3,57,0,0,57,0.6
5,3,24,1,constrained_diffusion,single_stable_state,215,231,17,17,17,0,0,17,0,0,17,0,0.17
5,3,32,1,constrained_diffusion,single_stable_state,271,281,11,11,11,0,0,11,0,0,11,0,0.11
5,3,33,0,diffusion,single_stable_state,273,289,17,17,15,2,15,2,0,15,0,0,0.17
5,3,34,1,constrained_diffusion,single_stable_state,274,285,12,12,12,0,0,12,0,0,12,0,0.12
5,3,35,0,diffusion,single_stable_state,282,291,10,10,10,0,10,0,0,10,0,0,0.1
5,3,36,0,diffusion,single_stable_state,285,296,12,12,11,1,11,1,0,11,0,0,0.12
5,3,42,1,constrained_diffusion,single_stable_state,319,329,11,11,11,0,0,11,0,0,11,0,0.11
5,3,44,1,constrained_diffusion,single_stable_state,331,344,14,14,14,0,0,14,0,0,14,0,0.14
5,3,49,1,constrained_diffusion,single_stable_state,344,364,21,21,21,0,0,21,0,0,21,0,0.21
5,3,51,1,constrained_diffusion,single_stable_state,352,361,10,10,10,0,0,10,0,0,10,0,0.1
5,3,52,0,diffusion,single_stable_state,357,367,11,11,11,0,11,0,0,11,0,0,0.11
5,3,53,2,bound,single_stable_state,357,425,69,69,69,0,0,0,69,0,0,69,0.6900000000000001
5,3,57,0,diffusion,single_stable_state,393,403,11,11,11,0,11,0,0,11,0,0,0.11
5,3,74,1,constrained_diffusion,single_stable_state,701,710,10,10,10,0,0,10,0,0,10,0,0.1
5,3,93,2,bound,single_stable_state,906,916,11,11,11,0,0,0,11,0,0,11,0.11
5,3,98,2,bound,single_stable_state,974,1034,61,61,59,2,0,2,59,0,0,59,0.61
5,3,99,2,bound,single_stable_state,988,999,12,12,8,4,0,4,8,0,0,8,0.12
5,3,101,1,constrained_diffusion,single_stable_state,1023,1033,11,11,11,0,0,11,0,0,11,0,0.11
5,3,114,2,bound,single_stable_state,1102,1250,149,149,148,1,0,1,148,0,0,148,1.49
5,3,118,0,diffusion,single_stable_state,1137,1152,16,16,14,2,14,2,0,14,0,0,0.16
5,3,119,2,bound,single_stable_state,1166,1182,17,17,15,2,0,2,15,0,0,15,0.17
5,3,120,2,bound,single_stable_state,1171,1208,38,38,37,1,0,1,37,0,0,37,0.38
5,3,121,2,bound,single_stable_state,1173,1191,19,19,19,0,0,0,19,0,0,19,0.19
5,3,123,2,bound,single_stable_state,1250,1283,34,34,34,0,0,0,34,0,0,34,0.34
5,3,129,0,diffusion,single_stable_state,1310,1319,10,10,9,1,9,1,0,9,0,0,0.1
5,3,133,2,bound,single_stable_state,1397,1432,36,36,36,0,0,0,36,0,0,36,0.36
5,3,138,0,diffusion,single_stable_state,1425,1435,11,11,11,0,11,0,0,11,0,0,0.11
5,3,141,2,bound,single_stable_state,1493,1535,43,43,42,1,0,1,42,0,0,42,0.43
5,3,143,2,bound,single_stable_state,1536,1552,17,17,15,2,0,2,15,0,0,15,0.17
5,3,150,1,constrained_diffusion,single_stable_state,1715,1737,23,23,23,0,0,23,0,0,23,0,0.23
5,3,152,2,bound,single_stable_state,1722,1780,59,59,57,2,0,2,57,0,0,57,0.59
5,3,156,0,diffusion,single_stable_state,1763,1772,10,10,10,0,10,0,0,10,0,0,0.1
5,3,159,2,bound,single_stable_state,1792,1814,23,23,22,1,0,1,22,0,0,22,0.23
5,3,164,0,diffusion,single_stable_state,1868,1882,15,15,15,0,15,0,0,15,0,0,0.15
5,3,167,0,diffusion,single_stable_state,1896,1912,17,17,15,2,15,2,0,15,0,0,0.17
5,3,170,1,constrained_diffusion,single_stable_state,1933,1944,12,12,12,0,0,12,0,0,12,0,0.12
5,3,171,2,bound,single_stable_state,1946,1958,13,13,13,0,0,0,13,0,0,13,0.13
5,3,175,0,diffusion,single_stable_state,1988,2000,13,13,11,2,11,2,0,11,0,0,0.13
5,3,180,2,bound,single_stable_state,2038,2071,34,34,34,0,0,0,34,0,0,34,0.34
5,3,181,2,bound,single_stable_state,2045,2066,22,22,20,2,0,2,20,0,0,20,0.22
5,3,182,0,diffusion,single_stable_state,2052,2064,13,13,13,0,13,0,0,13,0,0,0.13
5,3,186,1,constrained_diffusion,single_stable_state,2084,2093,10,10,10,0,0,10,0,0,10,0,0.1
5,3,189,2,bound,single_stable_state,2097,2135,39,39,38,1,0,1,38,0,0,38,0.39
5,3,190,2,bound,single_stable_state,2101,2110,10,10,9,1,0,1,9,0,0,9,0.1
5,3,194,2,bound,single_stable_state,2262,2294,33,33,33,0,0,0,33,0,0,33,0.33
5,3,195,0,diffusion,single_stable_state,2262,2273,12,12,11,1,11,1,0,11,0,0,0.12
5,3,199,2,bound,single_stable_state,2308,2329,22,22,21,1,0,1,21,0,0,21,0.22
5,3,206,0,diffusion,single_stable_state,2387,2396,10,10,8,2,8,2,0,8,0,0,0.1
5,3,208,1,constrained_diffusion,single_stable_state,2404,2415,12,12,12,0,0,12,0,0,12,0,0.12
5,3,215,0,diffusion,single_stable_state,2458,2475,18,18,16,2,16,2,0,16,0,0,0.18
5,3,231,1,constrained_diffusion,single_stable_state,2784,2799,16,16,16,0,0,16,0,0,16,0,0.16
5,3,235,1,constrained_diffusion,single_stable_state,2827,2841,15,15,15,0,0,15,0,0,15,0,0.15
5,3,242,2,bound,single_stable_state,2945,2975,31,31,31,0,0,0,31,0,0,31,0.31
5,3,243,2,bound,single_stable_state,2949,2985,37,37,36,1,0,1,36,0,0,36,0.37
5,3,244,2,bound,single_stable_state,2955,2975,21,21,19,2,0,2,19,0,0,19,0.21
5,3,247,0,diffusion,single_stable_state,2973,2986,14,14,11,3,11,3,0,11,0,0,0.14
5,3,250,0,diffusion,single_stable_state,3051,3064,14,14,12,2,12,2,0,12,0,0,0.14
5,3,255,2,bound,single_stable_state,3119,3130,12,12,11,1,0,1,11,0,0,11,0.12
5,3,256,0,diffusion,single_stable_state,3253,3263,11,11,10,1,10,1,0,10,0,0,0.11
5,3,258,0,diffusion,single_stable_state,3283,3293,11,11,11,0,11,0,0,11,0,0,0.11
5,3,264,0,diffusion,single_stable_state,3436,3446,11,11,10,1,10,1,0,10,0,0,0.11
5,3,265,0,diffusion,single_stable_state,3532,3542,11,11,10,1,10,1,0,10,0,0,0.11
5,3,266,1,constrained_diffusion,single_stable_state,3589,3609,21,21,21,0,0,21,0,0,21,0,0.21
5,3,277,1,constrained_diffusion,single_stable_state,3941,3954,14,14,14,0,0,14,0,0,14,0,0.14
5,3,278,1,constrained_diffusion,single_stable_state,3941,3950,10,10,10,0,0,10,0,0,10,0,0.1
5,4,3,2,bound,single_stable_state,0,14,15,15,12,3,0,3,12,0,0,12,0.15
5,4,5,1,constrained_diffusion,single_stable_state,0,17,18,18,18,0,0,18,0,0,18,0,0.18
5,4,8,2,bound,single_stable_state,19,30,12,12,10,2,0,2,10,0,0,10,0.12
5,4,9,0,diffusion,single_stable_state,22,32,11,11,9,2,9,2,0,9,0,0,0.11
5,4,14,0,diffusion,single_stable_state,33,48,16,16,15,1,15,1,0,15,0,0,0.16
5,4,41,1,constrained_diffusion,single_stable_state,113,124,12,12,12,0,0,12,0,0,12,0,0.12
5,4,43,2,bound,single_stable_state,118,149,32,32,30,2,0,2,30,0,0,30,0.32
5,4,44,1,constrained_diffusion,single_stable_state,119,128,10,10,10,0,0,10,0,0,10,0,0.1
5,4,45,1,constrained_diffusion,single_stable_state,119,128,10,10,10,0,0,10,0,0,10,0,0.1
5,4,52,2,bound,single_stable_state,132,145,14,14,14,0,0,0,14,0,0,14,0.14
5,4,58,2,bound,single_stable_state,141,163,23,23,23,0,0,0,23,0,0,23,0.23
5,4,66,1,constrained_diffusion,single_stable_state,154,165,12,12,12,0,0,12,0,0,12,0,0.12
5,4,70,1,constrained_diffusion,single_stable_state,156,167,12,12,12,0,0,12,0,0,12,0,0.12
5,4,72,2,bound,single_stable_state,169,185,17,17,15,2,0,2,15,0,0,15,0.17
5,4,73,1,constrained_diffusion,single_stable_state,171,191,21,21,21,0,0,21,0,0,21,0,0.21
5,4,86,1,constrained_diffusion,single_stable_state,209,221,13,13,13,0,0,13,0,0,13,0,0.13
5,4,87,1,constrained_diffusion,single_stable_state,214,242,29,29,29,0,0,29,0,0,29,0,0.29
5,4,93,2,bound,single_stable_state,231,279,49,49,48,1,0,1,48,0,0,48,0.49
5,4,102,2,bound,single_stable_state,355,364,10,10,10,0,0,0,10,0,0,10,0.1
5,4,110,1,constrained_diffusion,single_stable_state,444,467,24,24,24,0,0,24,0,0,24,0,0.24
5,4,112,1,constrained_diffusion,single_stable_state,448,459,12,12,12,0,0,12,0,0,12,0,0.12
5,4,114,1,constrained_diffusion,single_stable_state,455,468,14,14,14,0,0,14,0,0,14,0,0.14
5,4,123,0,diffusion,single_stable_state,635,657,23,23,22,1,22,1,0,22,0,0,0.23
5,4,130,1,constrained_diffusion,single_stable_state,694,727,34,34,34,0,0,34,0,0,34,0,0.34
5,4,131,1,constrained_diffusion,single_stable_state,729,758,30,30,30,0,0,30,0,0,30,0,0.3
5,4,139,2,bound,single_stable_state,857,866,10,10,9,1,0,1,9,0,0,9,0.1
5,4,142,2,bound,single_stable_state,875,887,13,13,13,0,0,0,13,0,0,13,0.13
5,4,143,0,diffusion,single_stable_state,876,887,12,12,11,1,11,1,0,11,0,0,0.12
5,4,144,2,bound,single_stable_state,884,898,15,15,15,0,0,0,15,0,0,15,0.15
5,4,151,1,constrained_diffusion,single_stable_state,957,974,18,18,18,0,0,18,0,0,18,0,0.18
5,4,153,1,constrained_diffusion,single_stable_state,976,990,15,15,15,0,0,15,0,0,15,0,0.15
5,4,156,2,bound,single_stable_state,1019,1045,27,27,26,1,0,1,26,0,0,26,0.27
5,4,158,1,constrained_diffusion,single_stable_state,1043,1052,10,10,10,0,0,10,0,0,10,0,0.1
5,4,160,1,constrained_diffusion,single_stable_state,1058,1067,10,10,10,0,0,10,0,0,10,0,0.1
5,4,166,2,bound,single_stable_state,1189,1234,46,46,45,1,0,1,45,0,0,45,0.46
5,4,183,1,constrained_diffusion,single_stable_state,1417,1427,11,11,11,0,0,11,0,0,11,0,0.11
5,4,186,1,constrained_diffusion,single_stable_state,1430,1450,21,21,21,0,0,21,0,0,21,0,0.21
5,4,187,0,diffusion,single_stable_state,1431,1440,10,10,10,0,10,0,0,10,0,0,0.1
5,4,193,1,constrained_diffusion,single_stable_state,1471,1482,12,12,12,0,0,12,0,0,12,0,0.12
5,4,194,1,constrained_diffusion,single_stable_state,1482,1493,12,12,12,0,0,12,0,0,12,0,0.12
5,4,197,0,diffusion,single_stable_state,1516,1527,12,12,12,0,12,0,0,12,0,0,0.12
5,4,201,2,bound,single_stable_state,1564,1617,54,54,53,1,0,1,53,0,0,53,0.54
5,4,203,2,bound,single_stable_state,1591,1618,28,28,28,0,0,0,28,0,0,28,0.28
5,4,205,2,bound,single_stable_state,1598,1619,22,22,22,0,0,0,22,0,0,22,0.22
5,4,210,2,bound,single_stable_state,1618,1700,83,83,83,0,0,0,83,0,0,83,0.8300000000000001
5,4,212,2,bound,single_stable_state,1622,1681,60,60,60,0,0,0,60,0,0,60,0.6
5,4,219,2,bound,single_stable_state,1678,1699,22,22,20,2,0,2,20,0,0,20,0.22
5,4,220,2,bound,single_stable_state,1681,1791,111,111,110,1,0,1,110,0,0,110,1.11
5,4,224,2,bound,single_stable_state,1766,1817,52,52,51,1,0,1,51,0,0,51,0.52
5,4,227,0,diffusion,single_stable_state,1775,1790,16,16,12,4,12,4,0,12,0,0,0.16
5,4,231,2,bound,single_stable_state,1815,1852,38,38,37,1,0,1,37,0,0,37,0.38
5,4,234,2,bound,single_stable_state,1833,1846,14,14,13,1,0,1,13,0,0,13,0.14
5,4,235,2,bound,single_stable_state,1850,1893,44,44,44,0,0,0,44,0,0,44,0.44
5,4,245,1,constrained_diffusion,single_stable_state,1929,1939,11,11,11,0,0,11,0,0,11,0,0.11
5,4,246,1,constrained_diffusion,single_stable_state,1950,1961,12,12,12,0,0,12,0,0,12,0,0.12
5,4,249,2,bound,single_stable_state,1999,2014,16,16,16,0,0,0,16,0,0,16,0.16
5,4,254,2,bound,single_stable_state,2027,2071,45,45,45,0,0,0,45,0,0,45,0.45
5,4,281,2,bound,single_stable_state,2462,2488,27,27,27,0,0,0,27,0,0,27,0.27
5,4,284,2,bound,single_stable_state,2548,2576,29,29,29,0,0,0,29,0,0,29,0.29
5,4,290,2,bound,single_stable_state,2641,2658,18,18,16,2,0,2,16,0,0,16,0.18
5,4,291,2,bound,single_stable_state,2660,2670,11,11,9,2,0,2,9,0,0,9,0.11
5,4,299,2,bound,single_stable_state,2836,2892,57,57,55,2,0,2,55,0,0,55,0.5700000000000001
5,4,305,2,bound,single_stable_state,2932,2963,32,32,31,1,0,1,31,0,0,31,0.32
5,4,312,1,constrained_diffusion,single_stable_state,3073,3085,13,13,13,0,0,13,0,0,13,0,0.13
5,4,315,2,bound,single_stable_state,3140,3184,45,45,45,0,0,0,45,0,0,45,0.45
5,4,320,2,bound,single_stable_state,3218,3228,11,11,9,2,0,2,9,0,0,9,0.11
5,4,322,1,constrained_diffusion,single_stable_state,3240,3252,13,13,13,0,0,13,0,0,13,0,0.13
5,4,329,1,constrained_diffusion,single_stable_state,3465,3488,24,24,24,0,0,24,0,0,24,0,0.24
5,4,344,1,constrained_diffusion,single_stable_state,3654,3664,11,11,11,0,0,11,0,0,11,0,0.11
5,4,347,1,constrained_diffusion,single_stable_state,3671,3681,11,11,11,0,0,11,0,0,11,0,0.11
5,4,358,1,constrained_diffusion,single_stable_state,3740,3764,25,25,25,0,0,25,0,0,25,0,0.25
5,4,359,0,diffusion,single_stable_state,3750,3760,11,11,11,0,11,0,0,11,0,0,0.11
5,4,361,2,bound,single_stable_state,3765,3792,28,28,28,0,0,0,28,0,0,28,0.28
5,4,375,2,bound,single_stable_state,3864,3963,100,100,100,0,0,0,100,0,0,100,1.0
5,4,380,2,bound,single_stable_state,3984,3999,16,16,13,3,0,3,13,0,0,13,0.16
5,5,2,1,constrained_diffusion,single_stable_state,0,42,43,43,43,0,0,43,0,0,43,0,0.43
5,5,4,1,constrained_diffusion,single_stable_state,4,19,16,16,16,0,0,16,0,0,16,0,0.16
5,5,8,2,bound,single_stable_state,16,27,12,12,10,2,0,2,10,0,0,10,0.12
5,5,27,2,bound,single_stable_state,68,82,15,15,13,2,0,2,13,0,0,13,0.15
5,5,28,2,bound,single_stable_state,77,86,10,10,10,0,0,0,10,0,0,10,0.1
5,5,44,1,constrained_diffusion,single_stable_state,172,195,24,24,24,0,0,24,0,0,24,0,0.24
5,5,46,2,bound,single_stable_state,187,198,12,12,11,1,0,1,11,0,0,11,0.12
5,5,63,0,diffusion,single_stable_state,274,283,10,10,10,0,10,0,0,10,0,0,0.1
5,5,78,0,diffusion,single_stable_state,359,368,10,10,10,0,10,0,0,10,0,0,0.1
5,5,80,2,bound,single_stable_state,367,416,50,50,49,1,0,1,49,0,0,49,0.5
5,5,84,0,diffusion,single_stable_state,379,393,15,15,15,0,15,0,0,15,0,0,0.15
5,5,85,0,diffusion,single_stable_state,380,389,10,10,10,0,10,0,0,10,0,0,0.1
5,5,90,1,constrained_diffusion,single_stable_state,407,424,18,18,18,0,0,18,0,0,18,0,0.18
5,5,100,2,bound,single_stable_state,460,519,60,60,60,0,0,0,60,0,0,60,0.6
5,5,101,1,constrained_diffusion,single_stable_state,467,477,11,11,11,0,0,11,0,0,11,0,0.11
5,5,103,0,diffusion,single_stable_state,476,485,10,10,10,0,10,0,0,10,0,0,0.1
5,5,105,1,constrained_diffusion,single_stable_state,495,506,12,12,12,0,0,12,0,0,12,0,0.12
5,5,109,2,bound,single_stable_state,534,561,28,28,27,1,0,1,27,0,0,27,0.28
5,5,113,0,diffusion,single_stable_state,554,569,16,16,16,0,16,0,0,16,0,0,0.16
5,5,124,1,constrained_diffusion,single_stable_state,632,642,11,11,11,0,0,11,0,0,11,0,0.11
5,5,135,2,bound,single_stable_state,677,744,68,68,68,0,0,0,68,0,0,68,0.68
5,5,142,2,bound,single_stable_state,754,778,25,25,25,0,0,0,25,0,0,25,0.25
5,5,143,1,constrained_diffusion,single_stable_state,782,794,13,13,13,0,0,13,0,0,13,0,0.13
5,5,154,2,bound,single_stable_state,862,910,49,49,48,1,0,1,48,0,0,48,0.49
5,5,155,2,bound,single_stable_state,863,873,11,11,10,1,0,1,10,0,0,10,0.11
5,5,163,0,diffusion,single_stable_state,934,947,14,14,14,0,14,0,0,14,0,0,0.14
5,5,168,1,constrained_diffusion,single_stable_state,969,978,10,10,10,0,0,10,0,0,10,0,0.1
5,5,172,1,constrained_diffusion,single_stable_state,1009,1018,10,10,10,0,0,10,0,0,10,0,0.1
5,5,180,1,constrained_diffusion,single_stable_state,1060,1073,14,14,14,0,0,14,0,0,14,0,0.14
5,5,181,0,diffusion,single_stable_state,1060,1070,11,11,10,1,10,1,0,10,0,0,0.11
5,5,200,0,diffusion,single_stable_state,1227,1238,12,12,12,0,12,0,0,12,0,0,0.12
5,5,203,0,diffusion,single_stable_state,1250,1260,11,11,9,2,9,2,0,9,0,0,0.11
5,5,205,1,constrained_diffusion,single_stable_state,1267,1278,12,12,12,0,0,12,0,0,12,0,0.12
5,5,210,1,constrained_diffusion,single_stable_state,1372,1381,10,10,10,0,0,10,0,0,10,0,0.1
5,5,213,1,constrained_diffusion,single_stable_state,1392,1401,10,10,10,0,0,10,0,0,10,0,0.1
5,5,215,2,bound,single_stable_state,1396,1408,13,13,11,2,0,2,11,0,0,11,0.13
5,5,218,2,bound,single_stable_state,1402,1437,36,36,35,1,0,1,35,0,0,35,0.36
5,5,222,1,constrained_diffusion,single_stable_state,1455,1467,13,13,13,0,0,13,0,0,13,0,0.13
5,5,228,2,bound,single_stable_state,1560,1585,26,26,25,1,0,1,25,0,0,25,0.26
5,5,229,2,bound,single_stable_state,1583,1603,21,21,20,1,0,1,20,0,0,20,0.21
5,5,231,2,bound,single_stable_state,1626,1691,66,66,65,1,0,1,65,0,0,65,0.66
5,5,232,2,bound,single_stable_state,1638,1651,14,14,12,2,0,2,12,0,0,12,0.14
5,5,234,1,constrained_diffusion,single_stable_state,1692,1701,10,10,10,0,0,10,0,0,10,0,0.1
5,5,237,1,constrained_diffusion,single_stable_state,1719,1729,11,11,11,0,0,11,0,0,11,0,0.11
5,5,242,2,bound,single_stable_state,1763,1794,32,32,32,0,0,0,32,0,0,32,0.32
5,5,243,1,constrained_diffusion,single_stable_state,1765,1779,15,15,15,0,0,15,0,0,15,0,0.15
5,5,245,2,bound,single_stable_state,1771,1811,41,41,40,1,0,1,40,0,0,40,0.41000000000000003
5,5,246,2,bound,single_stable_state,1774,1786,13,13,13,0,0,0,13,0,0,13,0.13
5,5,247,2,bound,single_stable_state,1778,1789,12,12,10,2,0,2,10,0,0,10,0.12
5,5,248,1,constrained_diffusion,single_stable_state,1781,1790,10,10,10,0,0,10,0,0,10,0,0.1
5,5,260,1,constrained_diffusion,single_stable_state,1823,1840,18,18,18,0,0,18,0,0,18,0,0.18
5,5,261,1,constrained_diffusion,single_stable_state,1823,1833,11,11,11,0,0,11,0,0,11,0,0.11
5,5,267,2,bound,single_stable_state,1857,1914,58,58,57,1,0,1,57,0,0,57,0.58
5,5,280,0,diffusion,single_stable_state,2035,2047,13,13,11,2,11,2,0,11,0,0,0.13
5,5,281,0,diffusion,single_stable_state,2038,2048,11,11,9,2,9,2,0,9,0,0,0.11
5,5,284,0,diffusion,single_stable_state,2052,2061,10,10,10,0,10,0,0,10,0,0,0.1
5,5,288,1,constrained_diffusion,single_stable_state,2131,2140,10,10,10,0,0,10,0,0,10,0,0.1
5,5,291,1,constrained_diffusion,single_stable_state,2188,2203,16,16,16,0,0,16,0,0,16,0,0.16
5,5,295,2,bound,single_stable_state,2254,2271,18,18,18,0,0,0,18,0,0,18,0.18
5,5,301,2,bound,single_stable_state,2454,2479,26,26,26,0,0,0,26,0,0,26,0.26
5,5,302,1,constrained_diffusion,single_stable_state,2455,2468,14,14,14,0,0,14,0,0,14,0,0.14
5,5,312,2,bound,single_stable_state,2767,2852,86,86,86,0,0,0,86,0,0,86,0.86
5,5,315,2,bound,single_stable_state,2882,2891,10,10,10,0,0,0,10,0,0,10,0.1
5,5,316,1,constrained_diffusion,single_stable_state,2887,2896,10,10,10,0,0,10,0,0,10,0,0.1
5,5,319,2,bound,single_stable_state,2914,3038,125,125,123,2,0,2,123,0,0,123,1.25
5,5,321,1,constrained_diffusion,single_stable_state,2927,2936,10,10,10,0,0,10,0,0,10,0,0.1
5,5,327,2,bound,single_stable_state,2954,2982,29,29,25,4,0,4,25,0,0,25,0.29
5,5,333,2,bound,single_stable_state,2995,3008,14,14,11,3,0,3,11,0,0,11,0.14
5,5,337,0,diffusion,single_stable_state,3021,3031,11,11,11,0,11,0,0,11,0,0,0.11
5,5,340,2,bound,single_stable_state,3085,3189,105,105,105,0,0,0,105,0,0,105,1.05
5,5,341,2,bound,single_stable_state,3137,3156,20,20,20,0,0,0,20,0,0,20,0.2
5,5,342,2,bound,single_stable_state,3156,3294,139,139,138,1,0,1,138,0,0,138,1.3900000000000001
5,5,344,2,bound,single_stable_state,3164,3186,23,23,23,0,0,0,23,0,0,23,0.23
5,5,352,0,diffusion,single_stable_state,3380,3390,11,11,11,0,11,0,0,11,0,0,0.11
5,5,354,1,constrained_diffusion,single_stable_state,3405,3415,11,11,11,0,0,11,0,0,11,0,0.11
5,5,365,1,constrained_diffusion,single_stable_state,3563,3574,12,12,12,0,0,12,0,0,12,0,0.12
5,5,378,2,bound,single_stable_state,3744,3779,36,36,35,1,0,1,35,0,0,35,0.36
5,5,379,1,constrained_diffusion,single_stable_state,3768,3777,10,10,10,0,0,10,0,0,10,0,0.1
5,5,381,1,constrained_diffusion,single_stable_state,3799,3808,10,10,10,0,0,10,0,0,10,0,0.1
5,5,388,2,bound,single_stable_state,3850,3883,34,34,33,1,0,1,33,0,0,33,0.34
5,5,392,2,bound,single_stable_state,3950,3992,43,43,43,0,0,0,43,0,0,43,0.43
5,5,393,1,constrained_diffusion,single_stable_state,3965,3981,17,17,17,0,0,17,0,0,17,0,0.17
5,6,1,1,constrained_diffusion,single_stable_state,0,31,32,32,32,0,0,32,0,0,32,0,0.32
5,6,11,1,constrained_diffusion,single_stable_state,31,41,11,11,11,0,0,11,0,0,11,0,0.11
5,6,15,2,bound,single_stable_state,49,59,11,11,11,0,0,0,11,0,0,11,0.11
5,6,22,0,diffusion,single_stable_state,130,139,10,10,9,1,9,1,0,9,0,0,0.1
5,6,23,1,constrained_diffusion,single_stable_state,152,161,10,10,10,0,0,10,0,0,10,0,0.1
5,6,31,0,diffusion,single_stable_state,206,219,14,14,13,1,13,1,0,13,0,0,0.14
5,6,34,0,diffusion,single_stable_state,223,234,12,12,9,3,9,3,0,9,0,0,0.12
5,6,39,2,bound,single_stable_state,262,352,91,91,91,0,0,0,91,0,0,91,0.91
5,6,40,0,diffusion,single_stable_state,266,275,10,10,9,1,9,1,0,9,0,0,0.1
5,6,42,1,constrained_diffusion,single_stable_state,270,287,18,18,18,0,0,18,0,0,18,0,0.18
5,6,44,1,constrained_diffusion,single_stable_state,276,300,25,25,25,0,0,25,0,0,25,0,0.25
5,6,45,0,diffusion,single_stable_state,278,289,12,12,12,0,12,0,0,12,0,0,0.12
5,6,67,0,diffusion,single_stable_state,594,617,24,24,23,1,23,1,0,23,0,0,0.24
5,6,75,1,constrained_diffusion,single_stable_state,640,652,13,13,13,0,0,13,0,0,13,0,0.13
5,6,81,2,bound,single_stable_state,684,702,19,19,18,1,0,1,18,0,0,18,0.19
5,6,85,2,bound,single_stable_state,777,828,52,52,50,2,0,2,50,0,0,50,0.52
5,6,87,2,bound,single_stable_state,864,897,34,34,32,2,0,2,32,0,0,32,0.34
5,6,91,2,bound,single_stable_state,980,1041,62,62,60,2,0,2,60,0,0,60,0.62
5,6,100,2,bound,single_stable_state,1178,1187,10,10,8,2,0,2,8,0,0,8,0.1
5,6,104,2,bound,single_stable_state,1223,1317,95,95,95,0,0,0,95,0,0,95,0.9500000000000001
5,6,108,1,constrained_diffusion,single_stable_state,1279,1290,12,12,12,0,0,12,0,0,12,0,0.12
5,6,116,1,constrained_diffusion,single_stable_state,1328,1339,12,12,12,0,0,12,0,0,12,0,0.12
5,6,121,2,bound,single_stable_state,1348,1372,25,25,25,0,0,0,25,0,0,25,0.25
5,6,126,2,bound,single_stable_state,1422,1468,47,47,47,0,0,0,47,0,0,47,0.47000000000000003
5,6,128,1,constrained_diffusion,single_stable_state,1433,1444,12,12,12,0,0,12,0,0,12,0,0.12
5,6,132,1,constrained_diffusion,single_stable_state,1465,1517,53,53,53,0,0,53,0,0,53,0,0.53
5,6,133,2,bound,single_stable_state,1475,1498,24,24,24,0,0,0,24,0,0,24,0.24
5,6,142,2,bound,single_stable_state,1536,1548,13,13,13,0,0,0,13,0,0,13,0.13
5,6,146,1,constrained_diffusion,single_stable_state,1592,1606,15,15,15,0,0,15,0,0,15,0,0.15
5,6,147,0,diffusion,single_stable_state,1606,1615,10,10,10,0,10,0,0,10,0,0,0.1
5,6,153,1,constrained_diffusion,single_stable_state,1625,1643,19,19,19,0,0,19,0,0,19,0,0.19
5,6,154,2,bound,single_stable_state,1627,1662,36,36,34,2,0,2,34,0,0,34,0.36
5,6,167,1,constrained_diffusion,single_stable_state,1728,1737,10,10,10,0,0,10,0,0,10,0,0.1
5,6,171,2,bound,single_stable_state,1823,1854,32,32,31,1,0,1,31,0,0,31,0.32
5,6,174,2,bound,single_stable_state,1866,1876,11,11,9,2,0,2,9,0,0,9,0.11
5,6,175,1,constrained_diffusion,single_stable_state,1871,1906,36,36,36,0,0,36,0,0,36,0,0.36
5,6,176,1,constrained_diffusion,single_stable_state,1908,1950,43,43,43,0,0,43,0,0,43,0,0.43
5,6,179,1,constrained_diffusion,single_stable_state,1952,1976,25,25,25,0,0,25,0,0,25,0,0.25
5,6,181,2,bound,single_stable_state,1991,2001,11,11,11,0,0,0,11,0,0,11,0.11
5,6,190,2,bound,single_stable_state,2065,2074,10,10,9,1,0,1,9,0,0,9,0.1
5,6,193,2,bound,single_stable_state,2100,2109,10,10,10,0,0,0,10,0,0,10,0.1
5,6,197,1,constrained_diffusion,single_stable_state,2163,2178,16,16,16,0,0,16,0,0,16,0,0.16
5,6,203,2,bound,single_stable_state,2459,2481,23,23,22,1,0,1,22,0,0,22,0.23
5,6,204,1,constrained_diffusion,single_stable_state,2470,2479,10,10,10,0,0,10,0,0,10,0,0.1
5,6,213,1,constrained_diffusion,single_stable_state,2676,2705,30,30,30,0,0,30,0,0,30,0,0.3
5,6,214,0,diffusion,single_stable_state,2688,2701,14,14,12,2,12,2,0,12,0,0,0.14
5,6,220,1,constrained_diffusion,single_stable_state,2925,2942,18,18,18,0,0,18,0,0,18,0,0.18
5,6,221,1,constrained_diffusion,single_stable_state,2942,2952,11,11,11,0,0,11,0,0,11,0,0.11
5,6,229,0,diffusion,single_stable_state,3010,3020,11,11,11,0,11,0,0,11,0,0,0.11
5,6,230,1,constrained_diffusion,single_stable_state,3022,3038,17,17,17,0,0,17,0,0,17,0,0.17
5,6,231,1,constrained_diffusion,single_stable_state,3115,3124,10,10,10,0,0,10,0,0,10,0,0.1
5,6,234,1,constrained_diffusion,single_stable_state,3192,3202,11,11,11,0,0,11,0,0,11,0,0.11
5,6,235,1,constrained_diffusion,single_stable_state,3216,3237,22,22,22,0,0,22,0,0,22,0,0.22
5,6,240,2,bound,single_stable_state,3411,3455,45,45,45,0,0,0,45,0,0,45,0.45
5,6,243,0,diffusion,single_stable_state,3445,3457,13,13,13,0,13,0,0,13,0,0,0.13
5,6,246,1,constrained_diffusion,single_stable_state,3504,3513,10,10,10,0,0,10,0,0,10,0,0.1
5,6,247,0,diffusion,single_stable_state,3519,3528,10,10,9,1,9,1,0,9,0,0,0.1
5,6,256,2,bound,single_stable_state,3582,3620,39,39,39,0,0,0,39,0,0,39,0.39
5,6,257,0,diffusion,single_stable_state,3621,3634,14,14,11,3,11,3,0,11,0,0,0.14
5,6,262,2,bound,single_stable_state,3754,3863,110,110,108,2,0,2,108,0,0,108,1.1
5,6,268,0,diffusion,single_stable_state,3851,3860,10,10,9,1,9,1,0,9,0,0,0.1
5,7,2,2,bound,single_stable_state,0,30,31,31,30,1,0,1,30,0,0,30,0.31
5,7,22,1,constrained_diffusion,single_stable_state,43,53,11,11,11,0,0,11,0,0,11,0,0.11
5,7,24,2,bound,single_stable_state,52,90,39,39,37,2,0,2,37,0,0,37,0.39
5,7,28,1,constrained_diffusion,single_stable_state,58,69,12,12,12,0,0,12,0,0,12,0,0.12
5,7,31,0,diffusion,single_stable_state,80,95,16,16,16,0,16,0,0,16,0,0,0.16
5,7,37,0,diffusion,single_stable_state,98,117,20,20,20,0,20,0,0,20,0,0,0.2
5,7,39,2,bound,single_stable_state,112,157,46,46,43,3,0,3,43,0,0,43,0.46
5,7,42,0,diffusion,single_stable_state,146,155,10,10,9,1,9,1,0,9,0,0,0.1
5,7,45,1,constrained_diffusion,single_stable_state,162,182,21,21,21,0,0,21,0,0,21,0,0.21
5,7,52,0,diffusion,single_stable_state,248,265,18,18,17,1,17,1,0,17,0,0,0.18
5,7,62,0,diffusion,single_stable_state,338,347,10,10,8,2,8,2,0,8,0,0,0.1
5,7,66,2,bound,single_stable_state,366,397,32,32,32,0,0,0,32,0,0,32,0.32
5,7,69,1,constrained_diffusion,single_stable_state,444,454,11,11,11,0,0,11,0,0,11,0,0.11
5,7,74,0,diffusion,single_stable_state,483,495,13,13,11,2,11,2,0,11,0,0,0.13
5,7,76,0,diffusion,single_stable_state,488,501,14,14,14,0,14,0,0,14,0,0,0.14
5,7,78,0,diffusion,single_stable_state,498,512,15,15,15,0,15,0,0,15,0,0,0.15
5,7,84,1,constrained_diffusion,single_stable_state,535,546,12,12,12,0,0,12,0,0,12,0,0.12
5,7,89,2,bound,single_stable_state,572,605,34,34,34,0,0,0,34,0,0,34,0.34
5,7,95,2,bound,single_stable_state,636,654,19,19,18,1,0,1,18,0,0,18,0.19
5,7,97,2,bound,single_stable_state,653,748,96,96,95,1,0,1,95,0,0,95,0.96
5,7,101,2,bound,single_stable_state,669,804,136,136,136,0,0,0,136,0,0,136,1.36
5,7,104,2,bound,single_stable_state,697,714,18,18,16,2,0,2,16,0,0,16,0.18
5,7,111,1,constrained_diffusion,single_stable_state,772,781,10,10,10,0,0,10,0,0,10,0,0.1
5,7,112,2,bound,single_stable_state,806,816,11,11,10,1,0,1,10,0,0,10,0.11
5,7,113,0,diffusion,single_stable_state,817,831,15,15,13,2,13,2,0,13,0,0,0.15
5,7,114,2,bound,single_stable_state,816,828,13,13,13,0,0,0,13,0,0,13,0.13
5,7,118,1,constrained_diffusion,single_stable_state,835,849,15,15,15,0,0,15,0,0,15,0,0.15
5,7,121,0,diffusion,single_stable_state,868,877,10,10,10,0,10,0,0,10,0,0,0.1
5,7,124,0,diffusion,single_stable_state,903,918,16,16,16,0,16,0,0,16,0,0,0.16
5,7,125,0,diffusion,single_stable_state,907,918,12,12,10,2,10,2,0,10,0,0,0.12
5,7,136,2,bound,single_stable_state,1043,1058,16,16,13,3,0,3,13,0,0,13,0.16
5,7,139,0,diffusion,single_stable_state,1054,1063,10,10,10,0,10,0,0,10,0,0,0.1
5,7,144,0,diffusion,single_stable_state,1074,1098,25,25,25,0,25,0,0,25,0,0,0.25
5,7,145,2,bound,single_stable_state,1072,1169,98,98,98,0,0,0,98,0,0,98,0.98
5,7,146,0,diffusion,single_stable_state,1094,1103,10,10,8,2,8,2,0,8,0,0,0.1
5,7,147,2,bound,single_stable_state,1096,1125,30,30,30,0,0,0,30,0,0,30,0.3
5,7,158,2,bound,single_stable_state,1273,1297,25,25,24,1,0,1,24,0,0,24,0.25
5,7,169,0,diffusion,single_stable_state,1421,1432,12,12,12,0,12,0,0,12,0,0,0.12
5,7,178,0,diffusion,single_stable_state,1503,1523,21,21,21,0,21,0,0,21,0,0,0.21
5,7,180,1,constrained_diffusion,single_stable_state,1506,1520,15,15,15,0,0,15,0,0,15,0,0.15
5,7,181,1,constrained_diffusion,single_stable_state,1511,1530,20,20,20,0,0,20,0,0,20,0,0.2
5,7,182,1,constrained_diffusion,single_stable_state,1522,1531,10,10,10,0,0,10,0,0,10,0,0.1
5,7,183,0,diffusion,single_stable_state,1526,1542,17,17,15,2,15,2,0,15,0,0,0.17
5,7,185,1,constrained_diffusion,single_stable_state,1533,1547,15,15,15,0,0,15,0,0,15,0,0.15
5,7,195,1,constrained_diffusion,single_stable_state,1657,1668,12,12,12,0,0,12,0,0,12,0,0.12
5,7,199,1,constrained_diffusion,single_stable_state,1742,1752,11,11,11,0,0,11,0,0,11,0,0.11
5,7,201,0,diffusion,single_stable_state,1893,1904,12,12,12,0,12,0,0,12,0,0,0.12
5,7,203,0,diffusion,single_stable_state,1904,1919,16,16,15,1,15,1,0,15,0,0,0.16
5,7,204,0,diffusion,single_stable_state,1907,1936,30,30,28,2,28,2,0,28,0,0,0.3
5,7,218,2,bound,single_stable_state,2093,2138,46,46,45,1,0,1,45,0,0,45,0.46
5,7,219,2,bound,single_stable_state,2134,2152,19,19,17,2,0,2,17,0,0,17,0.19
5,7,222,0,diffusion,single_stable_state,2162,2173,12,12,12,0,12,0,0,12,0,0,0.12
5,7,225,2,bound,single_stable_state,2317,2328,12,12,9,3,0,3,9,0,0,9,0.12
5,7,234,2,bound,single_stable_state,2516,2526,11,11,9,2,0,2,9,0,0,9,0.11
5,7,238,2,bound,single_stable_state,2565,2663,99,99,99,0,0,0,99,0,0,99,0.99
5,7,239,1,constrained_diffusion,single_stable_state,2603,2612,10,10,10,0,0,10,0,0,10,0,0.1
5,7,258,0,diffusion,single_stable_state,2777,2792,16,16,15,1,15,1,0,15,0,0,0.16
5,7,263,1,constrained_diffusion,single_stable_state,2823,2838,16,16,16,0,0,16,0,0,16,0,0.16
5,7,268,0,diffusion,single_stable_state,2923,2933,11,11,9,2,9,2,0,9,0,0,0.11
5,7,269,2,bound,single_stable_state,2948,3054,107,107,105,2,0,2,105,0,0,105,1.07
5,7,270,1,constrained_diffusion,single_stable_state,2948,2970,23,23,23,0,0,23,0,0,23,0,0.23
5,7,275,1,constrained_diffusion,single_stable_state,3148,3163,16,16,16,0,0,16,0,0,16,0,0.16
5,7,277,1,constrained_diffusion,single_stable_state,3228,3242,15,15,15,0,0,15,0,0,15,0,0.15
5,7,282,2,bound,single_stable_state,3505,3540,36,36,36,0,0,0,36,0,0,36,0.36
5,7,286,1,constrained_diffusion,single_stable_state,3571,3580,10,10,10,0,0,10,0,0,10,0,0.1
5,7,292,2,bound,single_stable_state,3683,3705,23,23,22,1,0,1,22,0,0,22,0.23
5,7,294,0,diffusion,single_stable_state,3697,3721,25,25,25,0,25,0,0,25,0,0,0.25
5,7,296,1,constrained_diffusion,single_stable_state,3872,3881,10,10,10,0,0,10,0,0,10,0,0.1
5,7,297,1,constrained_diffusion,single_stable_state,3886,3897,12,12,12,0,0,12,0,0,12,0,0.12
5,7,300,1,constrained_diffusion,single_stable_state,3916,3925,10,10,10,0,0,10,0,0,10,0,0.1
