dataset_name,protein,condition,replicate,source_file,source_folder,track_id,cell_id,video_id,n_frames,track_length,is_control,control_role,P_free_like,P_chromatin_bound_like,P_mcm_bound_like,supervised_control_prediction,distance_to_NLS_centroid,distance_to_H2B_centroid,distance_to_MCM2_Bound_centroid,nearest_control_class,nearest_control_distance,control_outlier_score,is_control_outlier,max_trap_dwell_frames,mean_trap_dwell_frames,trap_prob_mean,frac_supported_high_score_windows,max_consecutive_diffusive,frac_bound,frac_constrained,frac_diffusive,max_consecutive_constrained,max_consecutive_bound,n_state_switches,trapping_score,temporal_score,n_supported_high_score_windows,supported_temporal_trapping,diffusive_burst_flag,final_control_guided_class,classification_reason,distance_to_H2B_Bound,distance_to_MCM2_Bound,genotype,treatment,distance_to_NLS,distance_to_H2B,distance_to_MCM2_Bound_HighConfidence,passed_target_protein_gate,passed_not_free_gate,passed_not_h2b_gate,passed_not_mcm2_gate,passed_temporal_support_gate,passed_no_diffusive_burst_gate,passed_control_outlier_gate,usable_feature_count,passed_feature_completeness_gate,failed_gate_count,first_failed_gate,all_failed_gates,failed_only_one_gate,near_miss_target_specific,old_classification,manual_review_score,ambiguous_reason,suggested_manual_review_priority
HAP1-0426-CT,NONO,CT,426,single-behaviour-track.csv,D:\Tianzi\condensate_classification_pj\NONO\HAP1-0426-CT\CSV\SF_10ms_condensate_pj_,129,6.0,3,288,288,False,target,0.0,0.99,0.01,chromatin_bound_like,11.535499710785292,10.461512909986894,9.517850708299898,MCM2_Bound,9.517850708299898,9.517850708299898,True,,,,,0.0,1.0,0.0,0.0,0.0,288.0,0.0,,,,False,False,ambiguous,Insufficient or conflicting evidence for a specific control-guided class.,12.316557598683898,9.517850708299898,HAP1,CT,11.535499710785292,10.461512909986894,9.517850708299898,True,True,False,True,False,True,True,7,True,2,not_h2b_like,not_h2b_like;temporal_support,False,True,,2.9394563426688634,Failed gates: not_h2b_like;temporal_support,high
WT-0416-CT,TDP43,CT,416,multi-behaviour-track.csv,D:\Tianzi\condensate_classification_pj\TDP43\WT-0416-CT\CSV\SF_10ms_condensate_pj_,163,1.0,2,195,195,False,target,0.0,1.0,0.0,chromatin_bound_like,8.885984211088859,8.015003033558315,8.828849266977794,H2B,8.015003033558315,8.015003033558315,True,,,,,0.0,0.8256410256410256,0.1743589743589743,0.0,9.0,45.0,15.0,,,,False,False,ambiguous,Insufficient or conflicting evidence for a specific control-guided class.,6.287500800935842,8.828849266977794,WT,CT,8.885984211088859,8.015003033558315,8.828849266977794,True,True,False,True,False,True,True,7,True,2,not_h2b_like,not_h2b_like;temporal_support,False,True,,2.9217462932454694,Failed gates: not_h2b_like;temporal_support,high
WT-0416-CT,TDP43,CT,416,multi-behaviour-track.csv,D:\Tianzi\condensate_classification_pj\TDP43\WT-0416-CT\CSV\SF_10ms_condensate_pj_,163,1.0,2,195,195,False,target,0.0,1.0,0.0,chromatin_bound_like,8.885984211088859,8.015003033558315,8.828849266977794,H2B,8.015003033558315,8.015003033558315,True,,,,,0.0,0.8256410256410256,0.1743589743589743,0.0,9.0,45.0,15.0,,,,False,False,ambiguous,Insufficient or conflicting evidence for a specific control-guided class.,1.6106391331261034,8.828849266977794,WT,CT,8.885984211088859,8.015003033558315,8.828849266977794,True,True,False,True,False,True,True,7,True,2,not_h2b_like,not_h2b_like;temporal_support,False,True,,2.9217462932454694,Failed gates: not_h2b_like;temporal_support,high
HAP1-0426-CT,NONO,CT,426,single-behaviour-track.csv,D:\Tianzi\condensate_classification_pj\NONO\HAP1-0426-CT\CSV\SF_10ms_condensate_pj_,61,6.0,4,219,219,False,target,0.0,1.0,0.0,chromatin_bound_like,9.02719925514922,7.7980998203281615,6.867982737354733,MCM2_Bound,6.867982737354733,6.867982737354733,True,,,,,0.0,0.9954337899543378,0.0045662100456621,0.0,1.0,218.0,1.0,,,,False,False,ambiguous,Insufficient or conflicting evidence for a specific control-guided class.,8.873774616162802,6.867982737354733,HAP1,CT,9.02719925514922,7.7980998203281615,6.867982737354733,True,True,False,True,False,True,True,7,True,2,not_h2b_like,not_h2b_like;temporal_support,False,True,,2.9089785831960464,Failed gates: not_h2b_like;temporal_support,high
HAP1-0426-CT,NONO,CT,426,single-behaviour-track.csv,D:\Tianzi\condensate_classification_pj\NONO\HAP1-0426-CT\CSV\SF_10ms_condensate_pj_,50,4.0,3,217,217,False,target,0.0,1.0,0.0,chromatin_bound_like,8.958085766728969,7.723750806772281,6.791822200304244,MCM2_Bound,6.791822200304244,6.791822200304244,True,,,,,0.0,0.9953917050691244,0.0046082949308755,0.0,1.0,216.0,1.0,,,,False,False,ambiguous,Insufficient or conflicting evidence for a specific control-guided class.,8.774463027435043,6.791822200304244,HAP1,CT,8.958085766728969,7.723750806772281,6.791822200304244,True,True,False,True,False,True,True,7,True,2,not_h2b_like,not_h2b_like;temporal_support,False,True,,2.904859967051071,Failed gates: not_h2b_like;temporal_support,high
HAP1-0426-CT,NONO,CT,426,multi-behaviour-track.csv,D:\Tianzi\condensate_classification_pj\NONO\HAP1-0426-CT\CSV\SF_10ms_condensate_pj_,118,2.0,2,319,319,False,target,0.0,1.0,0.0,chromatin_bound_like,7.487454878988635,6.301605621629098,6.7809155494015245,H2B,6.301605621629098,6.301605621629098,True,,,,,0.0,0.9122257053291536,0.0877742946708464,0.0,9.0,88.0,11.0,,,,False,False,ambiguous,Insufficient or conflicting evidence for a specific control-guided class.,11.39680484595764,6.7809155494015245,HAP1,CT,7.487454878988635,6.301605621629098,6.7809155494015245,True,True,False,True,False,True,True,7,True,2,not_h2b_like,not_h2b_like;temporal_support,False,True,,2.892504118616145,Failed gates: not_h2b_like;temporal_support,high
WT-0416-CT,TDP43,CT,416,condensate_evaluation_summary.csv,D:\Tianzi\condensate_classification_pj\TDP43\WT-0416-CT\CSV\SF_10ms_condensate_pj_,167,1.0,4,1,1,False,target,0.0478783575052112,0.4668463509204003,0.4852752915743884,mcm_bound_like,3.845115694015103,1.7931743662286168,1.2860544369689475,MCM2_Bound,1.2860544369689475,1.2860544369689475,False,120.0,120.0,0.9999840451369408,0.7181818181818181,0.0,1.0,0.0,0.0,,,,,,,False,False,ambiguous,Insufficient or conflicting evidence for a specific control-guided class.,1.6106391331261034,1.2860544369689475,WT,CT,3.845115694015103,1.7931743662286168,1.2860544369689475,True,True,True,True,False,True,False,6,True,2,temporal_support,temporal_support;control_outlier,False,True,,2.887554971612183,Failed gates: temporal_support;control_outlier,high
WT-0416-CT,TDP43,CT,416,condensate_evaluation_summary.csv,D:\Tianzi\condensate_classification_pj\TDP43\WT-0416-CT\CSV\SF_10ms_condensate_pj_,167,1.0,4,1,1,False,target,0.0478783575052112,0.4668463509204003,0.4852752915743884,mcm_bound_like,3.845115694015103,1.7931743662286168,1.2860544369689475,MCM2_Bound,1.2860544369689475,1.2860544369689475,False,120.0,120.0,0.9999840451369408,0.7181818181818181,0.0,1.0,0.0,0.0,,,,,,,False,False,ambiguous,Insufficient or conflicting evidence for a specific control-guided class.,3.9743547925194744,1.2860544369689475,WT,CT,3.845115694015103,1.7931743662286168,1.2860544369689475,True,True,True,True,False,True,False,6,True,2,temporal_support,temporal_support;control_outlier,False,True,,2.887554971612183,Failed gates: temporal_support;control_outlier,high
WT-0416-CT,TDP43,CT,416,multi-behaviour-track.csv,D:\Tianzi\condensate_classification_pj\TDP43\WT-0416-CT\CSV\SF_10ms_condensate_pj_,98,2.0,7,105,105,False,target,0.0,1.0,0.0,chromatin_bound_like,7.093279059796777,6.161236897945809,7.226808230033776,H2B,6.161236897945809,6.161236897945809,True,,,,,0.0,0.6571428571428571,0.3428571428571428,0.0,8.0,16.0,12.0,,,,False,False,ambiguous,Insufficient or conflicting evidence for a specific control-guided class.,2.724904809363413,7.226808230033776,WT,CT,7.093279059796777,6.161236897945809,7.226808230033776,True,True,False,True,False,True,True,7,True,2,not_h2b_like,not_h2b_like;temporal_support,False,True,,2.887149917627677,Failed gates: not_h2b_like;temporal_support,high
WT-0416-CT,TDP43,CT,416,multi-behaviour-track.csv,D:\Tianzi\condensate_classification_pj\TDP43\WT-0416-CT\CSV\SF_10ms_condensate_pj_,98,2.0,7,105,105,False,target,0.0,1.0,0.0,chromatin_bound_like,7.093279059796777,6.161236897945809,7.226808230033776,H2B,6.161236897945809,6.161236897945809,True,,,,,0.0,0.6571428571428571,0.3428571428571428,0.0,8.0,16.0,12.0,,,,False,False,ambiguous,Insufficient or conflicting evidence for a specific control-guided class.,1.6106391331261034,7.226808230033776,WT,CT,7.093279059796777,6.161236897945809,7.226808230033776,True,True,False,True,False,True,True,7,True,2,not_h2b_like,not_h2b_like;temporal_support,False,True,,2.887149917627677,Failed gates: not_h2b_like;temporal_support,high
WT-0416-CT,TDP43,CT,416,condensate_evaluation_summary.csv,D:\Tianzi\condensate_classification_pj\TDP43\WT-0416-CT\CSV\SF_10ms_condensate_pj_,9,2.0,3,1,1,False,target,0.0478783575052112,0.4668463509204003,0.4852752915743884,mcm_bound_like,3.845115694015103,1.7931743662286168,1.2860544369689475,MCM2_Bound,1.2860544369689475,1.2860544369689475,False,119.0,119.0,0.9999839653240252,1.0,0.0,1.0,0.0,0.0,,,,,,,False,False,ambiguous,Insufficient or conflicting evidence for a specific control-guided class.,1.6106391331261034,1.2860544369689475,WT,CT,3.845115694015103,1.7931743662286168,1.2860544369689475,True,True,True,True,False,True,False,6,True,2,temporal_support,temporal_support;control_outlier,False,True,,2.8792905088022653,Failed gates: temporal_support;control_outlier,high
WT-0416-CT,TDP43,CT,416,condensate_evaluation_summary.csv,D:\Tianzi\condensate_classification_pj\TDP43\WT-0416-CT\CSV\SF_10ms_condensate_pj_,9,2.0,3,1,1,False,target,0.0478783575052112,0.4668463509204003,0.4852752915743884,mcm_bound_like,3.845115694015103,1.7931743662286168,1.2860544369689475,MCM2_Bound,1.2860544369689475,1.2860544369689475,False,119.0,119.0,0.9999839653240252,1.0,0.0,1.0,0.0,0.0,,,,,,,False,False,ambiguous,Insufficient or conflicting evidence for a specific control-guided class.,3.9246988234351625,1.2860544369689475,WT,CT,3.845115694015103,1.7931743662286168,1.2860544369689475,True,True,True,True,False,True,False,6,True,2,temporal_support,temporal_support;control_outlier,False,True,,2.8792905088022653,Failed gates: temporal_support;control_outlier,high
WT-0416-CT,TDP43,CT,416,condensate_evaluation_summary.csv,D:\Tianzi\condensate_classification_pj\TDP43\WT-0416-CT\CSV\SF_10ms_condensate_pj_,94,5.0,7,1,1,False,target,0.0478783575052112,0.4668463509204003,0.4852752915743884,mcm_bound_like,3.845115694015103,1.7931743662286168,1.2860544369689475,MCM2_Bound,1.2860544369689475,1.2860544369689475,False,108.0,108.0,0.9999829898328392,0.7142857142857143,0.0,1.0,0.0,0.0,,,,,,,False,False,ambiguous,Insufficient or conflicting evidence for a specific control-guided class.,3.3784831635077297,1.2860544369689475,WT,CT,3.845115694015103,1.7931743662286168,1.2860544369689475,True,True,True,True,False,True,False,6,True,2,temporal_support,temporal_support;control_outlier,False,True,,2.8710260459923482,Failed gates: temporal_support;control_outlier,high
WT-0416-CT,TDP43,CT,416,condensate_evaluation_summary.csv,D:\Tianzi\condensate_classification_pj\TDP43\WT-0416-CT\CSV\SF_10ms_condensate_pj_,94,5.0,7,1,1,False,target,0.0478783575052112,0.4668463509204003,0.4852752915743884,mcm_bound_like,3.845115694015103,1.7931743662286168,1.2860544369689475,MCM2_Bound,1.2860544369689475,1.2860544369689475,False,108.0,108.0,0.9999829898328392,0.7142857142857143,0.0,1.0,0.0,0.0,,,,,,,False,False,ambiguous,Insufficient or conflicting evidence for a specific control-guided class.,1.6106391331261034,1.2860544369689475,WT,CT,3.845115694015103,1.7931743662286168,1.2860544369689475,True,True,True,True,False,True,False,6,True,2,temporal_support,temporal_support;control_outlier,False,True,,2.8710260459923482,Failed gates: temporal_support;control_outlier,high
WT-0416-CT,TDP43,CT,416,single-behaviour-track.csv,D:\Tianzi\condensate_classification_pj\TDP43\WT-0416-CT\CSV\SF_10ms_condensate_pj_,121,1.0,7,44,44,False,target,0.0,1.0,0.0,chromatin_bound_like,6.504032756028081,5.792204821150905,7.254170933801642,H2B,5.792204821150905,5.792204821150905,True,,,,,0.0,0.0,1.0,0.0,44.0,0.0,0.0,,,,False,False,ambiguous,Insufficient or conflicting evidence for a specific control-guided class.,1.6106391331261034,7.254170933801642,WT,CT,6.504032756028081,5.792204821150905,7.254170933801642,True,True,False,True,False,True,True,7,True,2,not_h2b_like,not_h2b_like;temporal_support,False,True,,2.869851729818781,Failed gates: not_h2b_like;temporal_support,high
WT-0416-CT,TDP43,CT,416,single-behaviour-track.csv,D:\Tianzi\condensate_classification_pj\TDP43\WT-0416-CT\CSV\SF_10ms_condensate_pj_,121,1.0,7,44,44,False,target,0.0,1.0,0.0,chromatin_bound_like,6.504032756028081,5.792204821150905,7.254170933801642,H2B,5.792204821150905,5.792204821150905,True,,,,,0.0,0.0,1.0,0.0,44.0,0.0,0.0,,,,False,False,ambiguous,Insufficient or conflicting evidence for a specific control-guided class.,1.1573089430694388,7.254170933801642,WT,CT,6.504032756028081,5.792204821150905,7.254170933801642,True,True,False,True,False,True,True,7,True,2,not_h2b_like,not_h2b_like;temporal_support,False,True,,2.869851729818781,Failed gates: not_h2b_like;temporal_support,high
HAP1-0426-CT,NONO,CT,426,single-behaviour-track.csv,D:\Tianzi\condensate_classification_pj\NONO\HAP1-0426-CT\CSV\SF_10ms_condensate_pj_,145,6.0,3,190,190,False,target,0.0,0.9869388624919916,0.0130611375080085,chromatin_bound_like,8.117324141676097,6.827858717860277,5.771615735588794,MCM2_Bound,5.771615735588794,5.771615735588794,True,,,,,0.0,1.0,0.0,0.0,0.0,190.0,0.0,,,,False,False,ambiguous,Insufficient or conflicting evidence for a specific control-guided class.,7.450272628421318,5.771615735588794,HAP1,CT,8.117324141676097,6.827858717860277,5.771615735588794,True,True,False,True,False,True,True,7,True,2,not_h2b_like,not_h2b_like;temporal_support,False,True,,2.867792421746293,Failed gates: not_h2b_like;temporal_support,high
WT-0416-CT,TDP43,CT,416,condensate_evaluation_summary.csv,D:\Tianzi\condensate_classification_pj\TDP43\WT-0416-CT\CSV\SF_10ms_condensate_pj_,121,4.0,3,1,1,False,target,0.0478783575052112,0.4668463509204003,0.4852752915743884,mcm_bound_like,3.845115694015103,1.7931743662286168,1.2860544369689475,MCM2_Bound,1.2860544369689475,1.2860544369689475,False,80.0,80.0,0.999979296268484,0.4857142857142857,0.0,1.0,0.0,0.0,,,,,,,False,False,ambiguous,Insufficient or conflicting evidence for a specific control-guided class.,1.6106391331261034,1.2860544369689475,WT,CT,3.845115694015103,1.7931743662286168,1.2860544369689475,True,True,True,True,False,True,False,6,True,2,temporal_support,temporal_support;control_outlier,False,True,,2.862761583182431,Failed gates: temporal_support;control_outlier,high
WT-0416-CT,TDP43,CT,416,condensate_evaluation_summary.csv,D:\Tianzi\condensate_classification_pj\TDP43\WT-0416-CT\CSV\SF_10ms_condensate_pj_,121,4.0,3,1,1,False,target,0.0478783575052112,0.4668463509204003,0.4852752915743884,mcm_bound_like,3.845115694015103,1.7931743662286168,1.2860544369689475,MCM2_Bound,1.2860544369689475,1.2860544369689475,False,80.0,80.0,0.999979296268484,0.4857142857142857,0.0,1.0,0.0,0.0,,,,,,,False,False,ambiguous,Insufficient or conflicting evidence for a specific control-guided class.,1.9881160291469924,1.2860544369689475,WT,CT,3.845115694015103,1.7931743662286168,1.2860544369689475,True,True,True,True,False,True,False,6,True,2,temporal_support,temporal_support;control_outlier,False,True,,2.862761583182431,Failed gates: temporal_support;control_outlier,high
HAP1-0426-CT,NONO,CT,426,single-behaviour-track.csv,D:\Tianzi\condensate_classification_pj\NONO\HAP1-0426-CT\CSV\SF_10ms_condensate_pj_,2,5.0,5,43,43,False,target,0.0,1.0,0.0,chromatin_bound_like,6.390800677864515,5.667769645443448,7.140439570773577,H2B,5.667769645443448,5.667769645443448,True,,,,,0.0,0.0,1.0,0.0,43.0,0.0,0.0,,,,False,False,ambiguous,Insufficient or conflicting evidence for a specific control-guided class.,1.6106391331261034,7.140439570773577,HAP1,CT,6.390800677864515,5.667769645443448,7.140439570773577,True,True,False,True,False,True,True,7,True,2,not_h2b_like,not_h2b_like;temporal_support,False,True,,2.8616144975288305,Failed gates: not_h2b_like;temporal_support,high
HAP1-0426-CT,NONO,CT,426,single-behaviour-track.csv,D:\Tianzi\condensate_classification_pj\NONO\HAP1-0426-CT\CSV\SF_10ms_condensate_pj_,176,6.0,5,43,43,False,target,0.0,1.0,0.0,chromatin_bound_like,6.390800677864515,5.667769645443448,7.140439570773577,H2B,5.667769645443448,5.667769645443448,True,,,,,0.0,0.0,1.0,0.0,43.0,0.0,0.0,,,,False,False,ambiguous,Insufficient or conflicting evidence for a specific control-guided class.,1.1522729835128227,7.140439570773577,HAP1,CT,6.390800677864515,5.667769645443448,7.140439570773577,True,True,False,True,False,True,True,7,True,2,not_h2b_like,not_h2b_like;temporal_support,False,True,,2.8616144975288305,Failed gates: not_h2b_like;temporal_support,high
HAP1-0426-CT,NONO,CT,426,single-behaviour-track.csv,D:\Tianzi\condensate_classification_pj\NONO\HAP1-0426-CT\CSV\SF_10ms_condensate_pj_,176,6.0,5,43,43,False,target,0.0,1.0,0.0,chromatin_bound_like,6.390800677864515,5.667769645443448,7.140439570773577,H2B,5.667769645443448,5.667769645443448,True,,,,,0.0,0.0,1.0,0.0,43.0,0.0,0.0,,,,False,False,ambiguous,Insufficient or conflicting evidence for a specific control-guided class.,1.6106391331261034,7.140439570773577,HAP1,CT,6.390800677864515,5.667769645443448,7.140439570773577,True,True,False,True,False,True,True,7,True,2,not_h2b_like,not_h2b_like;temporal_support,False,True,,2.8616144975288305,Failed gates: not_h2b_like;temporal_support,high
HAP1-0426-CT,NONO,CT,426,single-behaviour-track.csv,D:\Tianzi\condensate_classification_pj\NONO\HAP1-0426-CT\CSV\SF_10ms_condensate_pj_,2,5.0,5,43,43,False,target,0.0,1.0,0.0,chromatin_bound_like,6.390800677864515,5.667769645443448,7.140439570773577,H2B,5.667769645443448,5.667769645443448,True,,,,,0.0,0.0,1.0,0.0,43.0,0.0,0.0,,,,False,False,ambiguous,Insufficient or conflicting evidence for a specific control-guided class.,1.1522729835128227,7.140439570773577,HAP1,CT,6.390800677864515,5.667769645443448,7.140439570773577,True,True,False,True,False,True,True,7,True,2,not_h2b_like,not_h2b_like;temporal_support,False,True,,2.8616144975288305,Failed gates: not_h2b_like;temporal_support,high
HAP1-0426-CT,NONO,CT,426,multi-behaviour-track.csv,D:\Tianzi\condensate_classification_pj\NONO\HAP1-0426-CT\CSV\SF_10ms_condensate_pj_,92,2.0,3,127,127,False,target,0.0,1.0,0.0,chromatin_bound_like,6.687294822882357,5.662533224568191,7.028156081709115,H2B,5.662533224568191,5.662533224568191,True,,,,,0.0,0.5275590551181102,0.4724409448818897,0.0,36.0,25.0,8.0,,,,False,False,ambiguous,Insufficient or conflicting evidence for a specific control-guided class.,1.6106391331261034,7.028156081709115,HAP1,CT,6.687294822882357,5.662533224568191,7.028156081709115,True,True,False,True,False,True,True,7,True,2,not_h2b_like,not_h2b_like;temporal_support,False,True,,2.859143327841845,Failed gates: not_h2b_like;temporal_support,high
HAP1-0426-CT,NONO,CT,426,multi-behaviour-track.csv,D:\Tianzi\condensate_classification_pj\NONO\HAP1-0426-CT\CSV\SF_10ms_condensate_pj_,92,2.0,3,127,127,False,target,0.0,1.0,0.0,chromatin_bound_like,6.687294822882357,5.662533224568191,7.028156081709115,H2B,5.662533224568191,5.662533224568191,True,,,,,0.0,0.5275590551181102,0.4724409448818897,0.0,36.0,25.0,8.0,,,,False,False,ambiguous,Insufficient or conflicting evidence for a specific control-guided class.,3.554829454365048,7.028156081709115,HAP1,CT,6.687294822882357,5.662533224568191,7.028156081709115,True,True,False,True,False,True,True,7,True,2,not_h2b_like,not_h2b_like;temporal_support,False,True,,2.859143327841845,Failed gates: not_h2b_like;temporal_support,high
WT-0416-CT,TDP43,CT,416,condensate_evaluation_summary.csv,D:\Tianzi\condensate_classification_pj\TDP43\WT-0416-CT\CSV\SF_10ms_condensate_pj_,81,5.0,4,1,1,False,target,0.0478783575052112,0.4668463509204003,0.4852752915743884,mcm_bound_like,3.845115694015103,1.7931743662286168,1.2860544369689475,MCM2_Bound,1.2860544369689475,1.2860544369689475,False,77.0,77.0,0.9999787412059368,0.2686567164179104,0.0,1.0,0.0,0.0,,,,,,,False,False,ambiguous,Insufficient or conflicting evidence for a specific control-guided class.,1.6106391331261034,1.2860544369689475,WT,CT,3.845115694015103,1.7931743662286168,1.2860544369689475,True,True,True,True,False,True,False,6,True,2,temporal_support,temporal_support;control_outlier,False,True,,2.854497120372513,Failed gates: temporal_support;control_outlier,high
WT-0416-CT,TDP43,CT,416,condensate_evaluation_summary.csv,D:\Tianzi\condensate_classification_pj\TDP43\WT-0416-CT\CSV\SF_10ms_condensate_pj_,81,5.0,4,1,1,False,target,0.0478783575052112,0.4668463509204003,0.4852752915743884,mcm_bound_like,3.845115694015103,1.7931743662286168,1.2860544369689475,MCM2_Bound,1.2860544369689475,1.2860544369689475,False,77.0,77.0,0.9999787412059368,0.2686567164179104,0.0,1.0,0.0,0.0,,,,,,,False,False,ambiguous,Insufficient or conflicting evidence for a specific control-guided class.,1.8391481218940562,1.2860544369689475,WT,CT,3.845115694015103,1.7931743662286168,1.2860544369689475,True,True,True,True,False,True,False,6,True,2,temporal_support,temporal_support;control_outlier,False,True,,2.854497120372513,Failed gates: temporal_support;control_outlier,high
HAP1-0426-CT,NONO,CT,426,multi-behaviour-track.csv,D:\Tianzi\condensate_classification_pj\NONO\HAP1-0426-CT\CSV\SF_10ms_condensate_pj_,104,5.0,1,240,240,False,target,0.0033333333333333,0.9966666666666668,0.0,chromatin_bound_like,9.040606929138857,8.13452131492237,8.877582682123359,H2B,8.13452131492237,8.13452131492237,True,,,,,0.0,0.825,0.175,0.0,9.0,64.0,15.0,,,,False,False,ambiguous,Insufficient or conflicting evidence for a specific control-guided class.,8.139544053984583,8.877582682123359,HAP1,CT,9.040606929138857,8.13452131492237,8.877582682123359,True,True,False,True,False,True,True,7,True,2,not_h2b_like,not_h2b_like;temporal_support,False,True,,2.8467874794069195,Failed gates: not_h2b_like;temporal_support,high
HAP1-0426-CT,NONO,CT,426,multi-behaviour-track.csv,D:\Tianzi\condensate_classification_pj\NONO\HAP1-0426-CT\CSV\SF_10ms_condensate_pj_,104,5.0,1,240,240,False,target,0.0033333333333333,0.9966666666666668,0.0,chromatin_bound_like,9.040606929138857,8.13452131492237,8.877582682123359,H2B,8.13452131492237,8.13452131492237,True,,,,,0.0,0.825,0.175,0.0,9.0,64.0,15.0,,,,False,False,ambiguous,Insufficient or conflicting evidence for a specific control-guided class.,1.6106391331261034,8.877582682123359,HAP1,CT,9.040606929138857,8.13452131492237,8.877582682123359,True,True,False,True,False,True,True,7,True,2,not_h2b_like,not_h2b_like;temporal_support,False,True,,2.8467874794069195,Failed gates: not_h2b_like;temporal_support,high
HAP1-0426-CT,NONO,CT,426,single-behaviour-track.csv,D:\Tianzi\condensate_classification_pj\NONO\HAP1-0426-CT\CSV\SF_10ms_condensate_pj_,118,1.0,2,41,41,False,target,0.0,1.0,0.0,chromatin_bound_like,6.167253883672478,5.420744378511861,6.91552923889758,H2B,5.420744378511861,5.420744378511861,True,,,,,0.0,0.0,1.0,0.0,41.0,0.0,0.0,,,,False,False,ambiguous,Insufficient or conflicting evidence for a specific control-guided class.,1.146444053256168,6.91552923889758,HAP1,CT,6.167253883672478,5.420744378511861,6.91552923889758,True,True,False,True,False,True,True,7,True,2,not_h2b_like,not_h2b_like;temporal_support,False,True,,2.845963756177924,Failed gates: not_h2b_like;temporal_support,high
HAP1-0426-CT,NONO,CT,426,single-behaviour-track.csv,D:\Tianzi\condensate_classification_pj\NONO\HAP1-0426-CT\CSV\SF_10ms_condensate_pj_,118,1.0,2,41,41,False,target,0.0,1.0,0.0,chromatin_bound_like,6.167253883672478,5.420744378511861,6.91552923889758,H2B,5.420744378511861,5.420744378511861,True,,,,,0.0,0.0,1.0,0.0,41.0,0.0,0.0,,,,False,False,ambiguous,Insufficient or conflicting evidence for a specific control-guided class.,1.6106391331261034,6.91552923889758,HAP1,CT,6.167253883672478,5.420744378511861,6.91552923889758,True,True,False,True,False,True,True,7,True,2,not_h2b_like,not_h2b_like;temporal_support,False,True,,2.845963756177924,Failed gates: not_h2b_like;temporal_support,high
WT-0416-CT,TDP43,CT,416,single-behaviour-track.csv,D:\Tianzi\condensate_classification_pj\TDP43\WT-0416-CT\CSV\SF_10ms_condensate_pj_,113,1.0,7,40,40,False,target,0.0,1.0,0.0,chromatin_bound_like,6.057046839380198,5.298240313243574,6.804434636115551,H2B,5.298240313243574,5.298240313243574,True,,,,,0.0,0.0,1.0,0.0,40.0,0.0,0.0,,,,False,False,ambiguous,Insufficient or conflicting evidence for a specific control-guided class.,1.6106391331261034,6.804434636115551,WT,CT,6.057046839380198,5.298240313243574,6.804434636115551,True,True,False,True,False,True,True,7,True,2,not_h2b_like,not_h2b_like;temporal_support,False,True,,2.8393739703459637,Failed gates: not_h2b_like;temporal_support,high
WT-0416-CT,TDP43,CT,416,single-behaviour-track.csv,D:\Tianzi\condensate_classification_pj\TDP43\WT-0416-CT\CSV\SF_10ms_condensate_pj_,113,1.0,7,40,40,False,target,0.0,1.0,0.0,chromatin_bound_like,6.057046839380198,5.298240313243574,6.804434636115551,H2B,5.298240313243574,5.298240313243574,True,,,,,0.0,0.0,1.0,0.0,40.0,0.0,0.0,,,,False,False,ambiguous,Insufficient or conflicting evidence for a specific control-guided class.,1.1456726701524655,6.804434636115551,WT,CT,6.057046839380198,5.298240313243574,6.804434636115551,True,True,False,True,False,True,True,7,True,2,not_h2b_like,not_h2b_like;temporal_support,False,True,,2.8393739703459637,Failed gates: not_h2b_like;temporal_support,high
WT-0416-CT,TDP43,CT,416,condensate_evaluation_summary.csv,D:\Tianzi\condensate_classification_pj\TDP43\WT-0416-CT\CSV\SF_10ms_condensate_pj_,47,2.0,1,1,1,False,target,0.0478783575052112,0.4668463509204003,0.4852752915743884,mcm_bound_like,3.845115694015103,1.7931743662286168,1.2860544369689475,MCM2_Bound,1.2860544369689475,1.2860544369689475,False,66.0,66.0,0.9999762742612844,0.75,0.0,1.0,0.0,0.0,,,,,,,False,False,ambiguous,Insufficient or conflicting evidence for a specific control-guided class.,1.2929324619666238,1.2860544369689475,WT,CT,3.845115694015103,1.7931743662286168,1.2860544369689475,True,True,True,True,False,True,False,6,True,2,temporal_support,temporal_support;control_outlier,False,True,,2.837968194752679,Failed gates: temporal_support;control_outlier,high
WT-0416-CT,TDP43,CT,416,condensate_evaluation_summary.csv,D:\Tianzi\condensate_classification_pj\TDP43\WT-0416-CT\CSV\SF_10ms_condensate_pj_,47,2.0,1,1,1,False,target,0.0478783575052112,0.4668463509204003,0.4852752915743884,mcm_bound_like,3.845115694015103,1.7931743662286168,1.2860544369689475,MCM2_Bound,1.2860544369689475,1.2860544369689475,False,66.0,66.0,0.9999762742612844,0.75,0.0,1.0,0.0,0.0,,,,,,,False,False,ambiguous,Insufficient or conflicting evidence for a specific control-guided class.,1.6106391331261034,1.2860544369689475,WT,CT,3.845115694015103,1.7931743662286168,1.2860544369689475,True,True,True,True,False,True,False,6,True,2,temporal_support,temporal_support;control_outlier,False,True,,2.837968194752679,Failed gates: temporal_support;control_outlier,high
HAP1-0426-CT,NONO,CT,426,multi-behaviour-track.csv,D:\Tianzi\condensate_classification_pj\NONO\HAP1-0426-CT\CSV\SF_10ms_condensate_pj_,57,4.0,1,103,103,False,target,0.0,1.0,0.0,chromatin_bound_like,6.386399638796374,5.283654725030397,6.492949370280464,H2B,5.283654725030397,5.283654725030397,True,,,,,0.0,0.6019417475728155,0.3980582524271844,0.0,18.0,31.0,10.0,,,,False,False,ambiguous,Insufficient or conflicting evidence for a specific control-guided class.,1.6106391331261034,6.492949370280464,HAP1,CT,6.386399638796374,5.283654725030397,6.492949370280464,True,True,False,True,False,True,True,7,True,2,not_h2b_like,not_h2b_like;temporal_support,False,True,,2.837726523887974,Failed gates: not_h2b_like;temporal_support,high
HAP1-0426-CT,NONO,CT,426,multi-behaviour-track.csv,D:\Tianzi\condensate_classification_pj\NONO\HAP1-0426-CT\CSV\SF_10ms_condensate_pj_,57,4.0,1,103,103,False,target,0.0,1.0,0.0,chromatin_bound_like,6.386399638796374,5.283654725030397,6.492949370280464,H2B,5.283654725030397,5.283654725030397,True,,,,,0.0,0.6019417475728155,0.3980582524271844,0.0,18.0,31.0,10.0,,,,False,False,ambiguous,Insufficient or conflicting evidence for a specific control-guided class.,2.5686828123665038,6.492949370280464,HAP1,CT,6.386399638796374,5.283654725030397,6.492949370280464,True,True,False,True,False,True,True,7,True,2,not_h2b_like,not_h2b_like;temporal_support,False,True,,2.837726523887974,Failed gates: not_h2b_like;temporal_support,high
HAP1-0426-CT,NONO,CT,426,multi-behaviour-track.csv,D:\Tianzi\condensate_classification_pj\NONO\HAP1-0426-CT\CSV\SF_10ms_condensate_pj_,68,5.0,3,196,196,False,target,0.0066666666666666,0.9933333333333332,0.0,chromatin_bound_like,9.490949417184336,8.698871993398559,9.724136516539854,H2B,8.698871993398559,8.698871993398559,True,,,,,0.0,0.6887755102040817,0.3112244897959184,0.0,19.0,38.0,16.0,,,,False,False,ambiguous,Insufficient or conflicting evidence for a specific control-guided class.,1.6106391331261034,9.724136516539854,HAP1,CT,9.490949417184336,8.698871993398559,9.724136516539854,True,True,False,True,False,True,True,7,True,2,not_h2b_like,not_h2b_like;temporal_support,False,True,,2.8344316309719932,Failed gates: not_h2b_like;temporal_support,high
HAP1-0426-CT,NONO,CT,426,multi-behaviour-track.csv,D:\Tianzi\condensate_classification_pj\NONO\HAP1-0426-CT\CSV\SF_10ms_condensate_pj_,68,5.0,3,196,196,False,target,0.0066666666666666,0.9933333333333332,0.0,chromatin_bound_like,9.490949417184336,8.698871993398559,9.724136516539854,H2B,8.698871993398559,8.698871993398559,True,,,,,0.0,0.6887755102040817,0.3112244897959184,0.0,19.0,38.0,16.0,,,,False,False,ambiguous,Insufficient or conflicting evidence for a specific control-guided class.,6.3266358007364625,9.724136516539854,HAP1,CT,9.490949417184336,8.698871993398559,9.724136516539854,True,True,False,True,False,True,True,7,True,2,not_h2b_like,not_h2b_like;temporal_support,False,True,,2.8344316309719932,Failed gates: not_h2b_like;temporal_support,high
HAP1-0426-CT,NONO,CT,426,single-behaviour-track.csv,D:\Tianzi\condensate_classification_pj\NONO\HAP1-0426-CT\CSV\SF_10ms_condensate_pj_,15,1.0,1,39,39,False,target,0.0,1.0,0.0,chromatin_bound_like,5.947961606738877,5.176472363358321,6.694307409457105,H2B,5.176472363358321,5.176472363358321,True,,,,,0.0,0.0,1.0,0.0,39.0,0.0,0.0,,,,False,False,ambiguous,Insufficient or conflicting evidence for a specific control-guided class.,1.146335634697098,6.694307409457105,HAP1,CT,5.947961606738877,5.176472363358321,6.694307409457105,True,True,False,True,False,True,True,7,True,2,not_h2b_like,not_h2b_like;temporal_support,False,True,,2.8336079077429983,Failed gates: not_h2b_like;temporal_support,high
HAP1-0426-CT,NONO,CT,426,single-behaviour-track.csv,D:\Tianzi\condensate_classification_pj\NONO\HAP1-0426-CT\CSV\SF_10ms_condensate_pj_,15,1.0,1,39,39,False,target,0.0,1.0,0.0,chromatin_bound_like,5.947961606738877,5.176472363358321,6.694307409457105,H2B,5.176472363358321,5.176472363358321,True,,,,,0.0,0.0,1.0,0.0,39.0,0.0,0.0,,,,False,False,ambiguous,Insufficient or conflicting evidence for a specific control-guided class.,1.6106391331261034,6.694307409457105,HAP1,CT,5.947961606738877,5.176472363358321,6.694307409457105,True,True,False,True,False,True,True,7,True,2,not_h2b_like,not_h2b_like;temporal_support,False,True,,2.8336079077429983,Failed gates: not_h2b_like;temporal_support,high
WT-0416-CT,TDP43,CT,416,multi-behaviour-track.csv,D:\Tianzi\condensate_classification_pj\TDP43\WT-0416-CT\CSV\SF_10ms_condensate_pj_,5,6.0,1,175,175,False,target,0.0,1.0,0.0,chromatin_bound_like,7.448073247125809,6.067454512908089,5.133546647368917,MCM2_Bound,5.133546647368917,5.133546647368917,True,,,,,0.0,0.9828571428571428,0.0171428571428571,0.0,3.0,172.0,1.0,,,,False,False,ambiguous,Insufficient or conflicting evidence for a specific control-guided class.,6.656147575177727,5.133546647368917,WT,CT,7.448073247125809,6.067454512908089,5.133546647368917,True,True,False,True,False,True,True,7,True,2,not_h2b_like,not_h2b_like;temporal_support,False,True,,2.8315485996705108,Failed gates: not_h2b_like;temporal_support,high
WT-0416-CT,TDP43,CT,416,condensate_evaluation_summary.csv,D:\Tianzi\condensate_classification_pj\TDP43\WT-0416-CT\CSV\SF_10ms_condensate_pj_,103,4.0,8,1,1,False,target,0.0478783575052112,0.4668463509204003,0.4852752915743884,mcm_bound_like,3.845115694015103,1.7931743662286168,1.2860544369689475,MCM2_Bound,1.2860544369689475,1.2860544369689475,False,59.0,59.0,0.999974225442844,0.2040816326530612,0.0,1.0,0.0,0.0,,,,,,,False,False,ambiguous,Insufficient or conflicting evidence for a specific control-guided class.,1.6106391331261034,1.2860544369689475,WT,CT,3.845115694015103,1.7931743662286168,1.2860544369689475,True,True,True,True,False,True,False,6,True,2,temporal_support,temporal_support;control_outlier,False,True,,2.821439269132844,Failed gates: temporal_support;control_outlier,high
WT-0416-CT,TDP43,CT,416,condensate_evaluation_summary.csv,D:\Tianzi\condensate_classification_pj\TDP43\WT-0416-CT\CSV\SF_10ms_condensate_pj_,155,1.0,2,1,1,False,target,0.0478783575052112,0.4668463509204003,0.4852752915743884,mcm_bound_like,3.845115694015103,1.7931743662286168,1.2860544369689475,MCM2_Bound,1.2860544369689475,1.2860544369689475,False,59.0,59.0,0.999974225442844,0.8163265306122449,0.0,1.0,0.0,0.0,,,,,,,False,False,ambiguous,Insufficient or conflicting evidence for a specific control-guided class.,0.9453406783764394,1.2860544369689475,WT,CT,3.845115694015103,1.7931743662286168,1.2860544369689475,True,True,True,True,False,True,False,6,True,2,temporal_support,temporal_support;control_outlier,False,True,,2.821439269132844,Failed gates: temporal_support;control_outlier,high
WT-0416-CT,TDP43,CT,416,condensate_evaluation_summary.csv,D:\Tianzi\condensate_classification_pj\TDP43\WT-0416-CT\CSV\SF_10ms_condensate_pj_,46,4.0,8,1,1,False,target,0.0478783575052112,0.4668463509204003,0.4852752915743884,mcm_bound_like,3.845115694015103,1.7931743662286168,1.2860544369689475,MCM2_Bound,1.2860544369689475,1.2860544369689475,False,59.0,59.0,0.999974225442844,0.7142857142857143,0.0,1.0,0.0,0.0,,,,,,,False,False,ambiguous,Insufficient or conflicting evidence for a specific control-guided class.,1.6106391331261034,1.2860544369689475,WT,CT,3.845115694015103,1.7931743662286168,1.2860544369689475,True,True,True,True,False,True,False,6,True,2,temporal_support,temporal_support;control_outlier,False,True,,2.821439269132844,Failed gates: temporal_support;control_outlier,high
WT-0416-CT,TDP43,CT,416,condensate_evaluation_summary.csv,D:\Tianzi\condensate_classification_pj\TDP43\WT-0416-CT\CSV\SF_10ms_condensate_pj_,46,4.0,8,1,1,False,target,0.0478783575052112,0.4668463509204003,0.4852752915743884,mcm_bound_like,3.845115694015103,1.7931743662286168,1.2860544369689475,MCM2_Bound,1.2860544369689475,1.2860544369689475,False,59.0,59.0,0.999974225442844,0.7142857142857143,0.0,1.0,0.0,0.0,,,,,,,False,False,ambiguous,Insufficient or conflicting evidence for a specific control-guided class.,0.9453406783764394,1.2860544369689475,WT,CT,3.845115694015103,1.7931743662286168,1.2860544369689475,True,True,True,True,False,True,False,6,True,2,temporal_support,temporal_support;control_outlier,False,True,,2.821439269132844,Failed gates: temporal_support;control_outlier,high
WT-0416-CT,TDP43,CT,416,condensate_evaluation_summary.csv,D:\Tianzi\condensate_classification_pj\TDP43\WT-0416-CT\CSV\SF_10ms_condensate_pj_,155,1.0,2,1,1,False,target,0.0478783575052112,0.4668463509204003,0.4852752915743884,mcm_bound_like,3.845115694015103,1.7931743662286168,1.2860544369689475,MCM2_Bound,1.2860544369689475,1.2860544369689475,False,59.0,59.0,0.999974225442844,0.8163265306122449,0.0,1.0,0.0,0.0,,,,,,,False,False,ambiguous,Insufficient or conflicting evidence for a specific control-guided class.,1.6106391331261034,1.2860544369689475,WT,CT,3.845115694015103,1.7931743662286168,1.2860544369689475,True,True,True,True,False,True,False,6,True,2,temporal_support,temporal_support;control_outlier,False,True,,2.821439269132844,Failed gates: temporal_support;control_outlier,high
WT-0416-CT,TDP43,CT,416,condensate_evaluation_summary.csv,D:\Tianzi\condensate_classification_pj\TDP43\WT-0416-CT\CSV\SF_10ms_condensate_pj_,103,4.0,8,1,1,False,target,0.0478783575052112,0.4668463509204003,0.4852752915743884,mcm_bound_like,3.845115694015103,1.7931743662286168,1.2860544369689475,MCM2_Bound,1.2860544369689475,1.2860544369689475,False,59.0,59.0,0.999974225442844,0.2040816326530612,0.0,1.0,0.0,0.0,,,,,,,False,False,ambiguous,Insufficient or conflicting evidence for a specific control-guided class.,0.9453406783764394,1.2860544369689475,WT,CT,3.845115694015103,1.7931743662286168,1.2860544369689475,True,True,True,True,False,True,False,6,True,2,temporal_support,temporal_support;control_outlier,False,True,,2.821439269132844,Failed gates: temporal_support;control_outlier,high
HAP1-0426-CT,NONO,CT,426,multi-behaviour-track.csv,D:\Tianzi\condensate_classification_pj\NONO\HAP1-0426-CT\CSV\SF_10ms_condensate_pj_,31,5.0,5,282,282,False,target,0.0133333333333333,0.9866666666666668,0.0,chromatin_bound_like,9.91365260048704,9.0406055019118,9.892323144204749,H2B,9.0406055019118,9.0406055019118,True,,,,,0.0,0.7588652482269503,0.2411347517730496,0.0,21.0,79.0,16.0,,,,False,False,ambiguous,Insufficient or conflicting evidence for a specific control-guided class.,1.6106391331261034,9.892323144204749,HAP1,CT,9.91365260048704,9.0406055019118,9.892323144204749,True,True,False,True,False,True,True,7,True,2,not_h2b_like,not_h2b_like;temporal_support,False,True,,2.8158978583196044,Failed gates: not_h2b_like;temporal_support,high
HAP1-0426-CT,NONO,CT,426,multi-behaviour-track.csv,D:\Tianzi\condensate_classification_pj\NONO\HAP1-0426-CT\CSV\SF_10ms_condensate_pj_,31,5.0,5,282,282,False,target,0.0133333333333333,0.9866666666666668,0.0,chromatin_bound_like,9.91365260048704,9.0406055019118,9.892323144204749,H2B,9.0406055019118,9.0406055019118,True,,,,,0.0,0.7588652482269503,0.2411347517730496,0.0,21.0,79.0,16.0,,,,False,False,ambiguous,Insufficient or conflicting evidence for a specific control-guided class.,9.876776913323756,9.892323144204749,HAP1,CT,9.91365260048704,9.0406055019118,9.892323144204749,True,True,False,True,False,True,True,7,True,2,not_h2b_like,not_h2b_like;temporal_support,False,True,,2.8158978583196044,Failed gates: not_h2b_like;temporal_support,high
HAP1-0426-CT,NONO,CT,426,multi-behaviour-track.csv,D:\Tianzi\condensate_classification_pj\NONO\HAP1-0426-CT\CSV\SF_10ms_condensate_pj_,146,5.0,3,171,171,False,target,0.0033333333333333,0.9966666666666668,0.0,chromatin_bound_like,7.338140944343001,6.02922468022439,6.183770043846337,H2B,6.02922468022439,6.02922468022439,True,,,,,0.0,0.783625730994152,0.2163742690058479,0.0,35.0,134.0,2.0,,,,False,False,ambiguous,Insufficient or conflicting evidence for a specific control-guided class.,1.6106391331261034,6.183770043846337,HAP1,CT,7.338140944343001,6.02922468022439,6.183770043846337,True,True,False,True,False,True,True,7,True,2,not_h2b_like,not_h2b_like;temporal_support,False,True,,2.8039538714991763,Failed gates: not_h2b_like;temporal_support,high
HAP1-0426-CT,NONO,CT,426,multi-behaviour-track.csv,D:\Tianzi\condensate_classification_pj\NONO\HAP1-0426-CT\CSV\SF_10ms_condensate_pj_,146,5.0,3,171,171,False,target,0.0033333333333333,0.9966666666666668,0.0,chromatin_bound_like,7.338140944343001,6.02922468022439,6.183770043846337,H2B,6.02922468022439,6.02922468022439,True,,,,,0.0,0.783625730994152,0.2163742690058479,0.0,35.0,134.0,2.0,,,,False,False,ambiguous,Insufficient or conflicting evidence for a specific control-guided class.,5.957676304143324,6.183770043846337,HAP1,CT,7.338140944343001,6.02922468022439,6.183770043846337,True,True,False,True,False,True,True,7,True,2,not_h2b_like,not_h2b_like;temporal_support,False,True,,2.8039538714991763,Failed gates: not_h2b_like;temporal_support,high
HAP1-0426-CT,NONO,CT,426,multi-behaviour-track.csv,D:\Tianzi\condensate_classification_pj\NONO\HAP1-0426-CT\CSV\SF_10ms_condensate_pj_,131,7.0,5,132,132,False,target,0.0066666666666666,0.9933333333333332,0.0,chromatin_bound_like,7.351839417274458,6.465246583945993,7.806810179592018,H2B,6.465246583945993,6.465246583945993,True,,,,,0.0,0.4393939393939394,0.5606060606060606,0.0,20.0,22.0,12.0,,,,False,False,ambiguous,Insufficient or conflicting evidence for a specific control-guided class.,1.6106391331261034,7.806810179592018,HAP1,CT,7.351839417274458,6.465246583945993,7.806810179592018,True,True,False,True,False,True,True,7,True,2,not_h2b_like,not_h2b_like;temporal_support,False,True,,2.798187808896211,Failed gates: not_h2b_like;temporal_support,high
HAP1-0426-CT,NONO,CT,426,multi-behaviour-track.csv,D:\Tianzi\condensate_classification_pj\NONO\HAP1-0426-CT\CSV\SF_10ms_condensate_pj_,131,7.0,5,132,132,False,target,0.0066666666666666,0.9933333333333332,0.0,chromatin_bound_like,7.351839417274458,6.465246583945993,7.806810179592018,H2B,6.465246583945993,6.465246583945993,True,,,,,0.0,0.4393939393939394,0.5606060606060606,0.0,20.0,22.0,12.0,,,,False,False,ambiguous,Insufficient or conflicting evidence for a specific control-guided class.,3.7669385682139347,7.806810179592018,HAP1,CT,7.351839417274458,6.465246583945993,7.806810179592018,True,True,False,True,False,True,True,7,True,2,not_h2b_like,not_h2b_like;temporal_support,False,True,,2.798187808896211,Failed gates: not_h2b_like;temporal_support,high
HAP1-0426-CT,NONO,CT,426,multi-behaviour-track.csv,D:\Tianzi\condensate_classification_pj\NONO\HAP1-0426-CT\CSV\SF_10ms_condensate_pj_,89,5.0,3,126,126,False,target,0.0133333333333333,0.9866666666666668,0.0,chromatin_bound_like,8.12652847422753,7.318674633315003,8.738636610636778,H2B,7.318674633315003,7.318674633315003,True,,,,,0.0,0.3968253968253968,0.6031746031746031,0.0,48.0,19.0,9.0,,,,False,False,ambiguous,Insufficient or conflicting evidence for a specific control-guided class.,3.5396988047526694,8.738636610636778,HAP1,CT,8.12652847422753,7.318674633315003,8.738636610636778,True,True,False,True,False,True,True,7,True,2,not_h2b_like,not_h2b_like;temporal_support,False,True,,2.797775947281713,Failed gates: not_h2b_like;temporal_support,high
HAP1-0426-CT,NONO,CT,426,multi-behaviour-track.csv,D:\Tianzi\condensate_classification_pj\NONO\HAP1-0426-CT\CSV\SF_10ms_condensate_pj_,89,5.0,3,126,126,False,target,0.0133333333333333,0.9866666666666668,0.0,chromatin_bound_like,8.12652847422753,7.318674633315003,8.738636610636778,H2B,7.318674633315003,7.318674633315003,True,,,,,0.0,0.3968253968253968,0.6031746031746031,0.0,48.0,19.0,9.0,,,,False,False,ambiguous,Insufficient or conflicting evidence for a specific control-guided class.,1.6106391331261034,8.738636610636778,HAP1,CT,8.12652847422753,7.318674633315003,8.738636610636778,True,True,False,True,False,True,True,7,True,2,not_h2b_like,not_h2b_like;temporal_support,False,True,,2.797775947281713,Failed gates: not_h2b_like;temporal_support,high
WT-0416-CT,TDP43,CT,416,multi-behaviour-track.csv,D:\Tianzi\condensate_classification_pj\TDP43\WT-0416-CT\CSV\SF_10ms_condensate_pj_,84,2.0,8,95,95,False,target,0.0033333333333333,0.9966666666666668,0.0,chromatin_bound_like,6.745035475864099,5.742675411359073,6.9707452598055895,H2B,5.742675411359073,5.742675411359073,True,,,,,0.0,0.5684210526315789,0.431578947368421,0.0,16.0,24.0,11.0,,,,False,False,ambiguous,Insufficient or conflicting evidence for a specific control-guided class.,2.2778890753455214,6.9707452598055895,WT,CT,6.745035475864099,5.742675411359073,6.9707452598055895,True,True,False,True,False,True,True,7,True,2,not_h2b_like,not_h2b_like;temporal_support,False,True,,2.7899505766062602,Failed gates: not_h2b_like;temporal_support,high
WT-0416-CT,TDP43,CT,416,multi-behaviour-track.csv,D:\Tianzi\condensate_classification_pj\TDP43\WT-0416-CT\CSV\SF_10ms_condensate_pj_,84,2.0,8,95,95,False,target,0.0033333333333333,0.9966666666666668,0.0,chromatin_bound_like,6.745035475864099,5.742675411359073,6.9707452598055895,H2B,5.742675411359073,5.742675411359073,True,,,,,0.0,0.5684210526315789,0.431578947368421,0.0,16.0,24.0,11.0,,,,False,False,ambiguous,Insufficient or conflicting evidence for a specific control-guided class.,1.6106391331261034,6.9707452598055895,WT,CT,6.745035475864099,5.742675411359073,6.9707452598055895,True,True,False,True,False,True,True,7,True,2,not_h2b_like,not_h2b_like;temporal_support,False,True,,2.7899505766062602,Failed gates: not_h2b_like;temporal_support,high
HAP1-0426-CT,NONO,CT,426,multi-behaviour-track.csv,D:\Tianzi\condensate_classification_pj\NONO\HAP1-0426-CT\CSV\SF_10ms_condensate_pj_,18,6.0,4,155,155,False,target,0.02,0.98,0.0,chromatin_bound_like,9.282164818527711,8.514875302721613,9.492147614950968,H2B,8.514875302721613,8.514875302721613,True,,,,,0.0,0.7161290322580646,0.2838709677419355,0.0,11.0,25.0,16.0,,,,False,False,ambiguous,Insufficient or conflicting evidence for a specific control-guided class.,1.6106391331261034,9.492147614950968,HAP1,CT,9.282164818527711,8.514875302721613,9.492147614950968,True,True,False,True,False,True,True,7,True,2,not_h2b_like,not_h2b_like;temporal_support,False,True,,2.7845963756177925,Failed gates: not_h2b_like;temporal_support,high
HAP1-0426-CT,NONO,CT,426,multi-behaviour-track.csv,D:\Tianzi\condensate_classification_pj\NONO\HAP1-0426-CT\CSV\SF_10ms_condensate_pj_,18,6.0,4,155,155,False,target,0.02,0.98,0.0,chromatin_bound_like,9.282164818527711,8.514875302721613,9.492147614950968,H2B,8.514875302721613,8.514875302721613,True,,,,,0.0,0.7161290322580646,0.2838709677419355,0.0,11.0,25.0,16.0,,,,False,False,ambiguous,Insufficient or conflicting evidence for a specific control-guided class.,4.68376802688562,9.492147614950968,HAP1,CT,9.282164818527711,8.514875302721613,9.492147614950968,True,True,False,True,False,True,True,7,True,2,not_h2b_like,not_h2b_like;temporal_support,False,True,,2.7845963756177925,Failed gates: not_h2b_like;temporal_support,high
WT-0416-CT,TDP43,CT,416,condensate_evaluation_summary.csv,D:\Tianzi\condensate_classification_pj\TDP43\WT-0416-CT\CSV\SF_10ms_condensate_pj_,107,2.0,2,1,1,False,target,0.0478783575052112,0.4668463509204003,0.4852752915743884,mcm_bound_like,3.845115694015103,1.7931743662286168,1.2860544369689475,MCM2_Bound,1.2860544369689475,1.2860544369689475,False,48.0,48.0,0.9999697985315704,0.2631578947368421,0.0,1.0,0.0,0.0,,,,,,,False,False,ambiguous,Insufficient or conflicting evidence for a specific control-guided class.,0.3991250184490069,1.2860544369689475,WT,CT,3.845115694015103,1.7931743662286168,1.2860544369689475,True,True,True,True,False,True,False,6,True,2,temporal_support,temporal_support;control_outlier,False,True,,2.784249186488216,Failed gates: temporal_support;control_outlier,high
WT-0416-CT,TDP43,CT,416,condensate_evaluation_summary.csv,D:\Tianzi\condensate_classification_pj\TDP43\WT-0416-CT\CSV\SF_10ms_condensate_pj_,107,2.0,2,1,1,False,target,0.0478783575052112,0.4668463509204003,0.4852752915743884,mcm_bound_like,3.845115694015103,1.7931743662286168,1.2860544369689475,MCM2_Bound,1.2860544369689475,1.2860544369689475,False,48.0,48.0,0.9999697985315704,0.2631578947368421,0.0,1.0,0.0,0.0,,,,,,,False,False,ambiguous,Insufficient or conflicting evidence for a specific control-guided class.,1.6106391331261034,1.2860544369689475,WT,CT,3.845115694015103,1.7931743662286168,1.2860544369689475,True,True,True,True,False,True,False,6,True,2,temporal_support,temporal_support;control_outlier,False,True,,2.784249186488216,Failed gates: temporal_support;control_outlier,high
WT-0416-CT,TDP43,CT,416,condensate_evaluation_summary.csv,D:\Tianzi\condensate_classification_pj\TDP43\WT-0416-CT\CSV\SF_10ms_condensate_pj_,93,1.0,3,1,1,False,target,0.0478783575052112,0.4668463509204003,0.4852752915743884,mcm_bound_like,3.845115694015103,1.7931743662286168,1.2860544369689475,MCM2_Bound,1.2860544369689475,1.2860544369689475,False,48.0,48.0,0.9999697985315704,1.0,0.0,1.0,0.0,0.0,,,,,,,False,False,ambiguous,Insufficient or conflicting evidence for a specific control-guided class.,1.6106391331261034,1.2860544369689475,WT,CT,3.845115694015103,1.7931743662286168,1.2860544369689475,True,True,True,True,False,True,False,6,True,2,temporal_support,temporal_support;control_outlier,False,True,,2.784249186488216,Failed gates: temporal_support;control_outlier,high
WT-0416-CT,TDP43,CT,416,condensate_evaluation_summary.csv,D:\Tianzi\condensate_classification_pj\TDP43\WT-0416-CT\CSV\SF_10ms_condensate_pj_,93,1.0,3,1,1,False,target,0.0478783575052112,0.4668463509204003,0.4852752915743884,mcm_bound_like,3.845115694015103,1.7931743662286168,1.2860544369689475,MCM2_Bound,1.2860544369689475,1.2860544369689475,False,48.0,48.0,0.9999697985315704,1.0,0.0,1.0,0.0,0.0,,,,,,,False,False,ambiguous,Insufficient or conflicting evidence for a specific control-guided class.,0.3991250184490069,1.2860544369689475,WT,CT,3.845115694015103,1.7931743662286168,1.2860544369689475,True,True,True,True,False,True,False,6,True,2,temporal_support,temporal_support;control_outlier,False,True,,2.784249186488216,Failed gates: temporal_support;control_outlier,high
HAP1-0426-CT,NONO,CT,426,single-behaviour-track.csv,D:\Tianzi\condensate_classification_pj\NONO\HAP1-0426-CT\CSV\SF_10ms_condensate_pj_,146,1.0,5,206,206,False,target,0.01,0.99,0.0,chromatin_bound_like,8.534512007455943,7.263892403736876,6.339539246228394,MCM2_Bound,6.339539246228394,6.339539246228394,True,,,,,0.0,0.9902912621359224,0.0097087378640776,0.0,2.0,204.0,1.0,,,,False,False,ambiguous,Insufficient or conflicting evidence for a specific control-guided class.,8.211797606568545,6.339539246228394,HAP1,CT,8.534512007455943,7.263892403736876,6.339539246228394,True,True,False,True,False,True,True,7,True,2,not_h2b_like,not_h2b_like;temporal_support,False,True,,2.784184514003295,Failed gates: not_h2b_like;temporal_support,high
HAP1-0426-CT,NONO,CT,426,multi-behaviour-track.csv,D:\Tianzi\condensate_classification_pj\NONO\HAP1-0426-CT\CSV\SF_10ms_condensate_pj_,254,7.0,5,181,181,False,target,0.0,1.0,0.0,chromatin_bound_like,6.253283438642568,4.728705824231208,4.805282254477911,H2B,4.728705824231208,4.728705824231208,True,,,,,0.0,0.8729281767955801,0.1270718232044199,0.0,11.0,115.0,6.0,,,,False,False,ambiguous,Insufficient or conflicting evidence for a specific control-guided class.,6.109500432305006,4.805282254477911,HAP1,CT,6.253283438642568,4.728705824231208,4.805282254477911,True,True,False,True,False,True,True,7,True,2,not_h2b_like,not_h2b_like;temporal_support,False,True,,2.7821252059308073,Failed gates: not_h2b_like;temporal_support,high
HAP1-0426-CT,NONO,CT,426,multi-behaviour-track.csv,D:\Tianzi\condensate_classification_pj\NONO\HAP1-0426-CT\CSV\SF_10ms_condensate_pj_,6,6.0,4,89,89,False,target,0.03,0.97,0.0,chromatin_bound_like,11.551621284983396,11.253337249363744,12.485567453655396,H2B,11.253337249363744,11.253337249363744,True,,,,,3.0,0.0,0.9662921348314608,0.0337078651685393,86.0,0.0,1.0,,,,False,False,ambiguous,Insufficient or conflicting evidence for a specific control-guided class.,2.2946555970887337,12.485567453655396,HAP1,CT,11.551621284983396,11.253337249363744,12.485567453655396,True,True,False,True,False,True,True,7,True,2,not_h2b_like,not_h2b_like;temporal_support,False,True,,2.7808896210873146,Failed gates: not_h2b_like;temporal_support,high
WT-0416-CT,TDP43,CT,416,multi-behaviour-track.csv,D:\Tianzi\condensate_classification_pj\TDP43\WT-0416-CT\CSV\SF_10ms_condensate_pj_,15,5.0,6,102,102,False,target,0.0033333333333333,0.9966666666666668,0.0,chromatin_bound_like,6.698437391098877,5.6524015823465374,6.733779630060935,H2B,5.6524015823465374,5.6524015823465374,True,,,,,0.0,0.6568627450980392,0.3431372549019608,0.0,12.0,29.0,11.0,,,,False,False,ambiguous,Insufficient or conflicting evidence for a specific control-guided class.,2.534814143498081,6.733779630060935,WT,CT,6.698437391098877,5.6524015823465374,6.733779630060935,True,True,False,True,False,True,True,7,True,2,not_h2b_like,not_h2b_like;temporal_support,False,True,,2.7800658978583197,Failed gates: not_h2b_like;temporal_support,high
WT-0416-CT,TDP43,CT,416,multi-behaviour-track.csv,D:\Tianzi\condensate_classification_pj\TDP43\WT-0416-CT\CSV\SF_10ms_condensate_pj_,15,5.0,6,102,102,False,target,0.0033333333333333,0.9966666666666668,0.0,chromatin_bound_like,6.698437391098877,5.6524015823465374,6.733779630060935,H2B,5.6524015823465374,5.6524015823465374,True,,,,,0.0,0.6568627450980392,0.3431372549019608,0.0,12.0,29.0,11.0,,,,False,False,ambiguous,Insufficient or conflicting evidence for a specific control-guided class.,1.6106391331261034,6.733779630060935,WT,CT,6.698437391098877,5.6524015823465374,6.733779630060935,True,True,False,True,False,True,True,7,True,2,not_h2b_like,not_h2b_like;temporal_support,False,True,,2.7800658978583197,Failed gates: not_h2b_like;temporal_support,high
HAP1-0426-CT,NONO,CT,426,multi-behaviour-track.csv,D:\Tianzi\condensate_classification_pj\NONO\HAP1-0426-CT\CSV\SF_10ms_condensate_pj_,63,6.0,3,100,100,False,target,0.03,0.97,0.0,chromatin_bound_like,9.708877791616931,9.1290070483481,10.48884735359612,H2B,9.1290070483481,9.1290070483481,True,,,,,0.0,0.12,0.88,0.0,70.0,6.0,4.0,,,,False,False,ambiguous,Insufficient or conflicting evidence for a specific control-guided class.,1.6106391331261034,10.48884735359612,HAP1,CT,9.708877791616931,9.1290070483481,10.48884735359612,True,True,False,True,False,True,True,7,True,2,not_h2b_like,not_h2b_like;temporal_support,False,True,,2.775535420098847,Failed gates: not_h2b_like;temporal_support,high
HAP1-0426-CT,NONO,CT,426,multi-behaviour-track.csv,D:\Tianzi\condensate_classification_pj\NONO\HAP1-0426-CT\CSV\SF_10ms_condensate_pj_,63,6.0,3,100,100,False,target,0.03,0.97,0.0,chromatin_bound_like,9.708877791616931,9.1290070483481,10.48884735359612,H2B,9.1290070483481,9.1290070483481,True,,,,,0.0,0.12,0.88,0.0,70.0,6.0,4.0,,,,False,False,ambiguous,Insufficient or conflicting evidence for a specific control-guided class.,2.621676355197481,10.48884735359612,HAP1,CT,9.708877791616931,9.1290070483481,10.48884735359612,True,True,False,True,False,True,True,7,True,2,not_h2b_like,not_h2b_like;temporal_support,False,True,,2.775535420098847,Failed gates: not_h2b_like;temporal_support,high
HAP1-0426-CT,NONO,CT,426,multi-behaviour-track.csv,D:\Tianzi\condensate_classification_pj\NONO\HAP1-0426-CT\CSV\SF_10ms_condensate_pj_,327,4.0,5,163,163,False,target,0.0,1.0,0.0,chromatin_bound_like,7.05611705545101,5.627304735405805,4.679796146442327,MCM2_Bound,4.679796146442327,4.679796146442327,True,,,,,0.0,0.98159509202454,0.0184049079754601,0.0,3.0,160.0,1.0,,,,False,False,ambiguous,Insufficient or conflicting evidence for a specific control-guided class.,6.060312370453937,4.679796146442327,HAP1,CT,7.05611705545101,5.627304735405805,4.679796146442327,True,True,False,True,False,True,True,7,True,2,not_h2b_like,not_h2b_like;temporal_support,False,True,,2.7714168039538714,Failed gates: not_h2b_like;temporal_support,high
WT-0416-CT,TDP43,CT,416,multi-behaviour-track.csv,D:\Tianzi\condensate_classification_pj\TDP43\WT-0416-CT\CSV\SF_10ms_condensate_pj_,8,1.0,1,49,49,False,target,0.0033333333333333,0.9966666666666668,0.0,chromatin_bound_like,5.800893397091162,5.47056290279787,7.129261959683049,H2B,5.47056290279787,5.47056290279787,True,,,,,4.0,0.0,0.9183673469387756,0.0816326530612244,42.0,0.0,2.0,,,,False,False,ambiguous,Insufficient or conflicting evidence for a specific control-guided class.,1.202843755812592,7.129261959683049,WT,CT,5.800893397091162,5.47056290279787,7.129261959683049,True,True,False,True,False,True,True,7,True,2,not_h2b_like,not_h2b_like;temporal_support,False,True,,2.7714168039538714,Failed gates: not_h2b_like;temporal_support,high
HAP1-0426-CT,NONO,CT,426,multi-behaviour-track.csv,D:\Tianzi\condensate_classification_pj\NONO\HAP1-0426-CT\CSV\SF_10ms_condensate_pj_,7,6.0,3,141,141,False,target,0.04,0.96,0.0,chromatin_bound_like,11.223883861815091,10.886554991284108,12.052258585310756,H2B,10.886554991284108,10.886554991284108,True,,,,,4.0,0.4113475177304964,0.4893617021276595,0.0992907801418439,15.0,18.0,20.0,,,,False,False,ambiguous,Insufficient or conflicting evidence for a specific control-guided class.,4.144574682412737,12.052258585310756,HAP1,CT,11.223883861815091,10.886554991284108,12.052258585310756,True,True,False,True,False,True,True,7,True,2,not_h2b_like,not_h2b_like;temporal_support,False,True,,2.7644151565074138,Failed gates: not_h2b_like;temporal_support,high
WT-0416-CT,TDP43,CT,416,condensate_evaluation_summary.csv,D:\Tianzi\condensate_classification_pj\TDP43\WT-0416-CT\CSV\SF_10ms_condensate_pj_,175,3.0,8,1,1,False,target,0.0478783575052112,0.4668463509204003,0.4852752915743884,mcm_bound_like,3.845115694015103,1.7931743662286168,1.2860544369689475,MCM2_Bound,1.2860544369689475,1.2860544369689475,False,47.0,47.0,0.9999692933327986,0.7297297297297297,0.0,1.0,0.0,0.0,,,,,,,False,False,ambiguous,Insufficient or conflicting evidence for a specific control-guided class.,1.6106391331261034,1.2860544369689475,WT,CT,3.845115694015103,1.7931743662286168,1.2860544369689475,True,True,True,True,False,True,False,6,True,2,temporal_support,temporal_support;control_outlier,False,True,,2.7635880294634223,Failed gates: temporal_support;control_outlier,high
WT-0416-CT,TDP43,CT,416,condensate_evaluation_summary.csv,D:\Tianzi\condensate_classification_pj\TDP43\WT-0416-CT\CSV\SF_10ms_condensate_pj_,35,3.0,5,1,1,False,target,0.0478783575052112,0.4668463509204003,0.4852752915743884,mcm_bound_like,3.845115694015103,1.7931743662286168,1.2860544369689475,MCM2_Bound,1.2860544369689475,1.2860544369689475,False,47.0,47.0,0.9999692933327986,0.945945945945946,0.0,1.0,0.0,0.0,,,,,,,False,False,ambiguous,Insufficient or conflicting evidence for a specific control-guided class.,0.3494690493646948,1.2860544369689475,WT,CT,3.845115694015103,1.7931743662286168,1.2860544369689475,True,True,True,True,False,True,False,6,True,2,temporal_support,temporal_support;control_outlier,False,True,,2.7635880294634223,Failed gates: temporal_support;control_outlier,high
WT-0416-CT,TDP43,CT,416,condensate_evaluation_summary.csv,D:\Tianzi\condensate_classification_pj\TDP43\WT-0416-CT\CSV\SF_10ms_condensate_pj_,35,3.0,5,1,1,False,target,0.0478783575052112,0.4668463509204003,0.4852752915743884,mcm_bound_like,3.845115694015103,1.7931743662286168,1.2860544369689475,MCM2_Bound,1.2860544369689475,1.2860544369689475,False,47.0,47.0,0.9999692933327986,0.945945945945946,0.0,1.0,0.0,0.0,,,,,,,False,False,ambiguous,Insufficient or conflicting evidence for a specific control-guided class.,1.6106391331261034,1.2860544369689475,WT,CT,3.845115694015103,1.7931743662286168,1.2860544369689475,True,True,True,True,False,True,False,6,True,2,temporal_support,temporal_support;control_outlier,False,True,,2.7635880294634223,Failed gates: temporal_support;control_outlier,high
WT-0416-CT,TDP43,CT,416,condensate_evaluation_summary.csv,D:\Tianzi\condensate_classification_pj\TDP43\WT-0416-CT\CSV\SF_10ms_condensate_pj_,175,3.0,8,1,1,False,target,0.0478783575052112,0.4668463509204003,0.4852752915743884,mcm_bound_like,3.845115694015103,1.7931743662286168,1.2860544369689475,MCM2_Bound,1.2860544369689475,1.2860544369689475,False,47.0,47.0,0.9999692933327986,0.7297297297297297,0.0,1.0,0.0,0.0,,,,,,,False,False,ambiguous,Insufficient or conflicting evidence for a specific control-guided class.,0.3494690493646948,1.2860544369689475,WT,CT,3.845115694015103,1.7931743662286168,1.2860544369689475,True,True,True,True,False,True,False,6,True,2,temporal_support,temporal_support;control_outlier,False,True,,2.7635880294634223,Failed gates: temporal_support;control_outlier,high
HAP1-0426-CT,NONO,CT,426,multi-behaviour-track.csv,D:\Tianzi\condensate_classification_pj\NONO\HAP1-0426-CT\CSV\SF_10ms_condensate_pj_,85,6.0,3,187,187,False,target,0.0,1.0,0.0,chromatin_bound_like,6.659145885986647,5.162189430947214,4.592106206670376,MCM2_Bound,4.592106206670376,4.592106206670376,True,,,,,0.0,0.962566844919786,0.0374331550802139,0.0,3.0,142.0,4.0,,,,False,False,ambiguous,Insufficient or conflicting evidence for a specific control-guided class.,6.640542718063056,4.592106206670376,HAP1,CT,6.659145885986647,5.162189430947214,4.592106206670376,True,True,False,True,False,True,True,7,True,2,not_h2b_like,not_h2b_like;temporal_support,False,True,,2.759884678747941,Failed gates: not_h2b_like;temporal_support,high
HAP1-0426-CT,NONO,CT,426,multi-behaviour-track.csv,D:\Tianzi\condensate_classification_pj\NONO\HAP1-0426-CT\CSV\SF_10ms_condensate_pj_,97,6.0,4,113,113,False,target,0.0,1.0,0.0,chromatin_bound_like,5.773298536832412,4.584928259630377,5.9586848283914255,H2B,4.584928259630377,4.584928259630377,True,,,,,0.0,0.5575221238938053,0.4424778761061947,0.0,24.0,24.0,8.0,,,,False,False,ambiguous,Insufficient or conflicting evidence for a specific control-guided class.,1.6106391331261034,5.9586848283914255,HAP1,CT,5.773298536832412,4.584928259630377,5.9586848283914255,True,True,False,True,False,True,True,7,True,2,not_h2b_like,not_h2b_like;temporal_support,False,True,,2.758649093904448,Failed gates: not_h2b_like;temporal_support,high
HAP1-0426-CT,NONO,CT,426,multi-behaviour-track.csv,D:\Tianzi\condensate_classification_pj\NONO\HAP1-0426-CT\CSV\SF_10ms_condensate_pj_,97,6.0,4,113,113,False,target,0.0,1.0,0.0,chromatin_bound_like,5.773298536832412,4.584928259630377,5.9586848283914255,H2B,4.584928259630377,4.584928259630377,True,,,,,0.0,0.5575221238938053,0.4424778761061947,0.0,24.0,24.0,8.0,,,,False,False,ambiguous,Insufficient or conflicting evidence for a specific control-guided class.,2.9963902460339296,5.9586848283914255,HAP1,CT,5.773298536832412,4.584928259630377,5.9586848283914255,True,True,False,True,False,True,True,7,True,2,not_h2b_like,not_h2b_like;temporal_support,False,True,,2.758649093904448,Failed gates: not_h2b_like;temporal_support,high
WT-0416-CT,TDP43,CT,416,multi-behaviour-track.csv,D:\Tianzi\condensate_classification_pj\TDP43\WT-0416-CT\CSV\SF_10ms_condensate_pj_,94,2.0,2,66,66,False,target,0.0165751294015655,0.9834248705984344,0.0,chromatin_bound_like,6.842380010486169,6.061928602972018,7.512683120808145,H2B,6.061928602972018,6.061928602972018,True,,,,,0.0,0.1363636363636363,0.8636363636363636,0.0,48.0,9.0,2.0,,,,False,False,ambiguous,Insufficient or conflicting evidence for a specific control-guided class.,1.3792661230889487,7.512683120808145,WT,CT,6.842380010486169,6.061928602972018,7.512683120808145,True,True,False,True,False,True,True,7,True,2,not_h2b_like,not_h2b_like;temporal_support,False,True,,2.757825370675453,Failed gates: not_h2b_like;temporal_support,high
WT-0416-CT,TDP43,CT,416,multi-behaviour-track.csv,D:\Tianzi\condensate_classification_pj\TDP43\WT-0416-CT\CSV\SF_10ms_condensate_pj_,94,2.0,2,66,66,False,target,0.0165751294015655,0.9834248705984344,0.0,chromatin_bound_like,6.842380010486169,6.061928602972018,7.512683120808145,H2B,6.061928602972018,6.061928602972018,True,,,,,0.0,0.1363636363636363,0.8636363636363636,0.0,48.0,9.0,2.0,,,,False,False,ambiguous,Insufficient or conflicting evidence for a specific control-guided class.,1.6106391331261034,7.512683120808145,WT,CT,6.842380010486169,6.061928602972018,7.512683120808145,True,True,False,True,False,True,True,7,True,2,not_h2b_like,not_h2b_like;temporal_support,False,True,,2.757825370675453,Failed gates: not_h2b_like;temporal_support,high
HAP1-0426-CT,NONO,CT,426,multi-behaviour-track.csv,D:\Tianzi\condensate_classification_pj\NONO\HAP1-0426-CT\CSV\SF_10ms_condensate_pj_,118,4.0,4,210,210,False,target,0.03,0.97,0.0,chromatin_bound_like,8.32525767584335,7.363434032479173,8.48300904816006,H2B,7.363434032479173,7.363434032479173,True,,,,,0.0,0.5476190476190477,0.4523809523809524,0.0,32.0,68.0,12.0,,,,False,False,ambiguous,Insufficient or conflicting evidence for a specific control-guided class.,1.6106391331261034,8.48300904816006,HAP1,CT,8.32525767584335,7.363434032479173,8.48300904816006,True,True,False,True,False,True,True,7,True,2,not_h2b_like,not_h2b_like;temporal_support,False,True,,2.7574135090609557,Failed gates: not_h2b_like;temporal_support,high
HAP1-0426-CT,NONO,CT,426,multi-behaviour-track.csv,D:\Tianzi\condensate_classification_pj\NONO\HAP1-0426-CT\CSV\SF_10ms_condensate_pj_,118,4.0,4,210,210,False,target,0.03,0.97,0.0,chromatin_bound_like,8.32525767584335,7.363434032479173,8.48300904816006,H2B,7.363434032479173,7.363434032479173,True,,,,,0.0,0.5476190476190477,0.4523809523809524,0.0,32.0,68.0,12.0,,,,False,False,ambiguous,Insufficient or conflicting evidence for a specific control-guided class.,6.94070317624961,8.48300904816006,HAP1,CT,8.32525767584335,7.363434032479173,8.48300904816006,True,True,False,True,False,True,True,7,True,2,not_h2b_like,not_h2b_like;temporal_support,False,True,,2.7574135090609557,Failed gates: not_h2b_like;temporal_support,high
WT-0416-CT,TDP43,CT,416,single-behaviour-track.csv,D:\Tianzi\condensate_classification_pj\TDP43\WT-0416-CT\CSV\SF_10ms_condensate_pj_,26,3.0,7,34,34,False,target,0.0,1.0,0.0,chromatin_bound_like,5.421708702940006,4.580717014573523,6.15998216298994,H2B,4.580717014573523,4.580717014573523,True,,,,,0.0,0.0,1.0,0.0,34.0,0.0,0.0,,,,False,False,ambiguous,Insufficient or conflicting evidence for a specific control-guided class.,1.1708959364098224,6.15998216298994,WT,CT,5.421708702940006,4.580717014573523,6.15998216298994,True,True,False,True,False,True,True,7,True,2,not_h2b_like,not_h2b_like;temporal_support,False,True,,2.753706754530478,Failed gates: not_h2b_like;temporal_support,high
WT-0416-CT,TDP43,CT,416,single-behaviour-track.csv,D:\Tianzi\condensate_classification_pj\TDP43\WT-0416-CT\CSV\SF_10ms_condensate_pj_,26,3.0,7,34,34,False,target,0.0,1.0,0.0,chromatin_bound_like,5.421708702940006,4.580717014573523,6.15998216298994,H2B,4.580717014573523,4.580717014573523,True,,,,,0.0,0.0,1.0,0.0,34.0,0.0,0.0,,,,False,False,ambiguous,Insufficient or conflicting evidence for a specific control-guided class.,1.6106391331261034,6.15998216298994,WT,CT,5.421708702940006,4.580717014573523,6.15998216298994,True,True,False,True,False,True,True,7,True,2,not_h2b_like,not_h2b_like;temporal_support,False,True,,2.753706754530478,Failed gates: not_h2b_like;temporal_support,high
HAP1-0426-CT,NONO,CT,426,single-behaviour-track.csv,D:\Tianzi\condensate_classification_pj\NONO\HAP1-0426-CT\CSV\SF_10ms_condensate_pj_,4,2.0,3,34,34,False,target,0.0,1.0,0.0,chromatin_bound_like,5.421708702940006,4.580717014573523,6.15998216298994,H2B,4.580717014573523,4.580717014573523,True,,,,,0.0,0.0,1.0,0.0,34.0,0.0,0.0,,,,False,False,ambiguous,Insufficient or conflicting evidence for a specific control-guided class.,1.6106391331261034,6.15998216298994,HAP1,CT,5.421708702940006,4.580717014573523,6.15998216298994,True,True,False,True,False,True,True,7,True,2,not_h2b_like,not_h2b_like;temporal_support,False,True,,2.753706754530478,Failed gates: not_h2b_like;temporal_support,high
HAP1-0426-CT,NONO,CT,426,single-behaviour-track.csv,D:\Tianzi\condensate_classification_pj\NONO\HAP1-0426-CT\CSV\SF_10ms_condensate_pj_,4,2.0,3,34,34,False,target,0.0,1.0,0.0,chromatin_bound_like,5.421708702940006,4.580717014573523,6.15998216298994,H2B,4.580717014573523,4.580717014573523,True,,,,,0.0,0.0,1.0,0.0,34.0,0.0,0.0,,,,False,False,ambiguous,Insufficient or conflicting evidence for a specific control-guided class.,1.1708959364098224,6.15998216298994,HAP1,CT,5.421708702940006,4.580717014573523,6.15998216298994,True,True,False,True,False,True,True,7,True,2,not_h2b_like,not_h2b_like;temporal_support,False,True,,2.753706754530478,Failed gates: not_h2b_like;temporal_support,high
HAP1-0426-CT,NONO,CT,426,single-behaviour-track.csv,D:\Tianzi\condensate_classification_pj\NONO\HAP1-0426-CT\CSV\SF_10ms_condensate_pj_,67,6.0,3,34,34,False,target,0.0,1.0,0.0,chromatin_bound_like,5.421708702940006,4.580717014573523,6.15998216298994,H2B,4.580717014573523,4.580717014573523,True,,,,,0.0,0.0,1.0,0.0,34.0,0.0,0.0,,,,False,False,ambiguous,Insufficient or conflicting evidence for a specific control-guided class.,1.6106391331261034,6.15998216298994,HAP1,CT,5.421708702940006,4.580717014573523,6.15998216298994,True,True,False,True,False,True,True,7,True,2,not_h2b_like,not_h2b_like;temporal_support,False,True,,2.753706754530478,Failed gates: not_h2b_like;temporal_support,high
HAP1-0426-CT,NONO,CT,426,single-behaviour-track.csv,D:\Tianzi\condensate_classification_pj\NONO\HAP1-0426-CT\CSV\SF_10ms_condensate_pj_,67,6.0,3,34,34,False,target,0.0,1.0,0.0,chromatin_bound_like,5.421708702940006,4.580717014573523,6.15998216298994,H2B,4.580717014573523,4.580717014573523,True,,,,,0.0,0.0,1.0,0.0,34.0,0.0,0.0,,,,False,False,ambiguous,Insufficient or conflicting evidence for a specific control-guided class.,1.1708959364098224,6.15998216298994,HAP1,CT,5.421708702940006,4.580717014573523,6.15998216298994,True,True,False,True,False,True,True,7,True,2,not_h2b_like,not_h2b_like;temporal_support,False,True,,2.753706754530478,Failed gates: not_h2b_like;temporal_support,high
WT-0416-CT,TDP43,CT,416,single-behaviour-track.csv,D:\Tianzi\condensate_classification_pj\TDP43\WT-0416-CT\CSV\SF_10ms_condensate_pj_,48,2.0,1,34,34,False,target,0.0,1.0,0.0,chromatin_bound_like,5.421708702940006,4.580717014573523,6.15998216298994,H2B,4.580717014573523,4.580717014573523,True,,,,,0.0,0.0,1.0,0.0,34.0,0.0,0.0,,,,False,False,ambiguous,Insufficient or conflicting evidence for a specific control-guided class.,1.1708959364098224,6.15998216298994,WT,CT,5.421708702940006,4.580717014573523,6.15998216298994,True,True,False,True,False,True,True,7,True,2,not_h2b_like,not_h2b_like;temporal_support,False,True,,2.753706754530478,Failed gates: not_h2b_like;temporal_support,high
WT-0416-CT,TDP43,CT,416,single-behaviour-track.csv,D:\Tianzi\condensate_classification_pj\TDP43\WT-0416-CT\CSV\SF_10ms_condensate_pj_,48,2.0,1,34,34,False,target,0.0,1.0,0.0,chromatin_bound_like,5.421708702940006,4.580717014573523,6.15998216298994,H2B,4.580717014573523,4.580717014573523,True,,,,,0.0,0.0,1.0,0.0,34.0,0.0,0.0,,,,False,False,ambiguous,Insufficient or conflicting evidence for a specific control-guided class.,1.6106391331261034,6.15998216298994,WT,CT,5.421708702940006,4.580717014573523,6.15998216298994,True,True,False,True,False,True,True,7,True,2,not_h2b_like,not_h2b_like;temporal_support,False,True,,2.753706754530478,Failed gates: not_h2b_like;temporal_support,high
HAP1-0426-CT,NONO,CT,426,single-behaviour-track.csv,D:\Tianzi\condensate_classification_pj\NONO\HAP1-0426-CT\CSV\SF_10ms_condensate_pj_,130,4.0,5,34,34,False,target,0.0,1.0,0.0,chromatin_bound_like,5.421708702940006,4.580717014573523,6.15998216298994,H2B,4.580717014573523,4.580717014573523,True,,,,,0.0,0.0,1.0,0.0,34.0,0.0,0.0,,,,False,False,ambiguous,Insufficient or conflicting evidence for a specific control-guided class.,1.6106391331261034,6.15998216298994,HAP1,CT,5.421708702940006,4.580717014573523,6.15998216298994,True,True,False,True,False,True,True,7,True,2,not_h2b_like,not_h2b_like;temporal_support,False,True,,2.753706754530478,Failed gates: not_h2b_like;temporal_support,high
HAP1-0426-CT,NONO,CT,426,single-behaviour-track.csv,D:\Tianzi\condensate_classification_pj\NONO\HAP1-0426-CT\CSV\SF_10ms_condensate_pj_,130,4.0,5,34,34,False,target,0.0,1.0,0.0,chromatin_bound_like,5.421708702940006,4.580717014573523,6.15998216298994,H2B,4.580717014573523,4.580717014573523,True,,,,,0.0,0.0,1.0,0.0,34.0,0.0,0.0,,,,False,False,ambiguous,Insufficient or conflicting evidence for a specific control-guided class.,1.1708959364098224,6.15998216298994,HAP1,CT,5.421708702940006,4.580717014573523,6.15998216298994,True,True,False,True,False,True,True,7,True,2,not_h2b_like,not_h2b_like;temporal_support,False,True,,2.753706754530478,Failed gates: not_h2b_like;temporal_support,high
HAP1-0426-CT,NONO,CT,426,multi-behaviour-track.csv,D:\Tianzi\condensate_classification_pj\NONO\HAP1-0426-CT\CSV\SF_10ms_condensate_pj_,150,4.0,5,63,63,False,target,0.02,0.98,0.0,chromatin_bound_like,7.20710064141107,6.468913571289601,7.895942116765562,H2B,6.468913571289601,6.468913571289601,True,,,,,0.0,0.1269841269841269,0.873015873015873,0.0,51.0,8.0,2.0,,,,False,False,ambiguous,Insufficient or conflicting evidence for a specific control-guided class.,1.6106391331261034,7.895942116765562,HAP1,CT,7.20710064141107,6.468913571289601,7.895942116765562,True,True,False,True,False,True,True,7,True,2,not_h2b_like,not_h2b_like;temporal_support,False,True,,2.75329489291598,Failed gates: not_h2b_like;temporal_support,high
HAP1-0426-CT,NONO,CT,426,multi-behaviour-track.csv,D:\Tianzi\condensate_classification_pj\NONO\HAP1-0426-CT\CSV\SF_10ms_condensate_pj_,150,4.0,5,63,63,False,target,0.02,0.98,0.0,chromatin_bound_like,7.20710064141107,6.468913571289601,7.895942116765562,H2B,6.468913571289601,6.468913571289601,True,,,,,0.0,0.1269841269841269,0.873015873015873,0.0,51.0,8.0,2.0,,,,False,False,ambiguous,Insufficient or conflicting evidence for a specific control-guided class.,1.3084647293944136,7.895942116765562,HAP1,CT,7.20710064141107,6.468913571289601,7.895942116765562,True,True,False,True,False,True,True,7,True,2,not_h2b_like,not_h2b_like;temporal_support,False,True,,2.75329489291598,Failed gates: not_h2b_like;temporal_support,high
HAP1-0426-CT,NONO,CT,426,multi-behaviour-track.csv,D:\Tianzi\condensate_classification_pj\NONO\HAP1-0426-CT\CSV\SF_10ms_condensate_pj_,258,6.0,5,67,67,False,target,0.0233333333333333,0.9766666666666668,0.0,chromatin_bound_like,7.211608913669017,6.4760307402978246,7.907692200125436,H2B,6.4760307402978246,6.4760307402978246,True,,,,,0.0,0.1194029850746268,0.8805970149253731,0.0,51.0,8.0,2.0,,,,False,False,ambiguous,Insufficient or conflicting evidence for a specific control-guided class.,1.4287544027005532,7.907692200125436,HAP1,CT,7.211608913669017,6.4760307402978246,7.907692200125436,True,True,False,True,False,True,True,7,True,2,not_h2b_like,not_h2b_like;temporal_support,False,True,,2.7495881383855023,Failed gates: not_h2b_like;temporal_support,high
HAP1-0426-CT,NONO,CT,426,multi-behaviour-track.csv,D:\Tianzi\condensate_classification_pj\NONO\HAP1-0426-CT\CSV\SF_10ms_condensate_pj_,258,6.0,5,67,67,False,target,0.0233333333333333,0.9766666666666668,0.0,chromatin_bound_like,7.211608913669017,6.4760307402978246,7.907692200125436,H2B,6.4760307402978246,6.4760307402978246,True,,,,,0.0,0.1194029850746268,0.8805970149253731,0.0,51.0,8.0,2.0,,,,False,False,ambiguous,Insufficient or conflicting evidence for a specific control-guided class.,1.6106391331261034,7.907692200125436,HAP1,CT,7.211608913669017,6.4760307402978246,7.907692200125436,True,True,False,True,False,True,True,7,True,2,not_h2b_like,not_h2b_like;temporal_support,False,True,,2.7495881383855023,Failed gates: not_h2b_like;temporal_support,high
WT-0416-CT,TDP43,CT,416,condensate_evaluation_summary.csv,D:\Tianzi\condensate_classification_pj\TDP43\WT-0416-CT\CSV\SF_10ms_condensate_pj_,37,3.0,1,1,1,False,target,0.0478783575052112,0.4668463509204003,0.4852752915743884,mcm_bound_like,3.845115694015103,1.7931743662286168,1.2860544369689475,MCM2_Bound,1.2860544369689475,1.2860544369689475,False,45.0,45.0,0.9999682155754184,1.0,0.0,1.0,0.0,0.0,,,,,,,False,False,ambiguous,Insufficient or conflicting evidence for a specific control-guided class.,0.2501571111960707,1.2860544369689475,WT,CT,3.845115694015103,1.7931743662286168,1.2860544369689475,True,True,True,True,False,True,False,6,True,2,temporal_support,temporal_support;control_outlier,False,True,,2.747059103843588,Failed gates: temporal_support;control_outlier,high
